[
    {
        "control": "Page",
        "request": {
            "pre": "R006,R007",
            "post": "R043",
            "data": {
                "Message": []
            }
        },
        "name": "{{ApplyName}}",
        "banner": "images/pages/1.png",
        "title": "{{ApplyDescr}}",
        "data": "Kindly make the form payment to proceed",
        "action": "Application.SaveLoadNextPage(this,'{{SubmitRID}}',{{ApplyID}},{{NextPageNum}},{Dir:'{{Dir}}'},'',{{ApplyGroupID}});localStorage.setItem('VerCode','');",
        "id": "payreqapp",
        "cache": "forward",
        "content": [
            {
                "control": "Column",
                "size": "s6",
                "content": [
                    {
                        "control": "GroupBox",
                        "style": "",
                        "wrapper": [],
                        "content": [
                            {
                                "control": "BoxButton",
                                "id": "payfirstdet",
                                "title": "<strong><sup>₦</sup> <span id='itemtotcst' class='w3-xlarge'>{{R007:{{FAmount}}:R007}}</span></strong>",
                                "data": "{{R006:{{PayName}}:R006}}",
                                "class": "w3-medium sticky",
                                "style": "margin:auto; max-width:400px; display:block;width:100%",
                                "logo": "mbri-bookmark",
                                "action": ""
                            }
                        ]
                    }
                ]
            },
            {
                "control": "Column",
                "size": "s6",
                "content": [
                    {
                        "control": "BoxButton",
                        "data": "Provide a valid Email Address",
                        "title": "Email Address",
                        "logo": "fas fa-envelope",
                        "style": "margin:auto; max-width:400px; display:block;width:100%",
                        "class": "appbggradient sticky w3-medium",
                        "action": ""
                    }
                ]
            }, 
            {
                "control": "AppButton",
                "title": "Verify and Continue",
                "data": "",
                "id": "payvbtn2",
                "logo": "mbri-right"
            }
        ]
    }
]