[
    {
        "control": "Page",
        "request": {
            "pre": "",
            "post": "R000",
            "data": {
                "Message": []
            }
        },
        "name": "Payment Channel",
        "banner": "images/pages/cardbank.png",
        "title": "{{ApplyDescr}}",
        "data": "",
        "action": "Application.SaveLoadNextPage(this,'{{SubmitRID}}',{{ApplyID}},{{NextPageNum}},{Dir:'{{Dir}}'},'',{{ApplyGroupID}});",
        "id": "payconfirm",
        "cache": "forward",
        "indicator": "2/3",
        "content": [
            {
                "control": "Column",
                "size": "s12",
                "content": [
                    {
                        "control": "GroupBox",
                        "style": "",
                        "wrapper": [],
                        "content": [
                            {
                                "control": "Paragraph",
                                "data": "How did you make the Payment",
                                "class": "w3-center w3-large fadeIn animated delay-0-5s"
                            },
                            {
                                "control": "BoxButton",
                                "action": "Application.OpenExternalScript('{{__Root__}}general/Payment/query.php?Ref={{PayRef}}&Channel=2')",
                                "title": "<i class='fas fa-university w3-xxlarge'></i><br/>BANK",
                                "data": "",
                                "id": "bnkpay",
                                "style": "min-width:80px;text-align:center;width:48%;font-size:1.3em;padding:20px 0px!important;margin:3px 2px;animation-delay:100ms",
                                "class": "no-logo fadeInUp animated card-spread "
                            },
                            {
                                "control": "BoxButton",
                                "action": "Application.OpenExternalScript('{{__Root__}}general/Payment/query.php?Ref={{PayRef}}&Channel=1')",
                                "title": "<i class='fas fa-credit-card w3-xxlarge'></i><br/>CARD",
                                "data": "",
                                "id": "cardpay",
                                "style": "min-width:80px;text-align:center;width:48%;font-size:1.3em;padding:20px 0px!important;margin:3px 2px;animation-delay:200ms",
                                "class": "no-logo fadeInUp animated card-spread "
                            },
                            {
                                "control": "Hidden",
                                "id": "vertype",
                                "data": "email",
                                "class": "w3-center"
                            }
                        ]
                    },
                    {
                        "control": "BoxButton",
                        "logo": "fas fa-check",
                        "id": "paid_option_go2",
                        "action": "Application.SaveLoadNextPage(_('payconfirm'),'R009',{{ApplyID}},3,{Dir:'{{Dir}}',PayRef:'{{PayRef}}',PayID:{{PayID}},VerifyScope:'Student'},'',{{ApplyGroupID}});",
                        "title": "<strong>ALREADY PAID</strong>",
                        "data": "I have Already Paid",
                        "style": "width:100%",
                        "class": "fadeInUp animated delay-0-5s w3-hide"
                    }
                ]
            }
        ]
    }
]