[
    {
        "control": "Page",
        "banner":"images/pages/1.png",
        "title":"{{Name}}",
        "data":"{{Descr}}",
        "action": "Application.FormRequest(this,'{{SubmitRID}}')",
        "id": "payreq",
        "content":[
            {
                "control": "Column",
                "size":"s12",
                "content":[
                    {
                        "control": "GroupBox",
                        "content":[
                          
                                            {
                                                "control": "TextBox",
                                                "title": "Email Address",
                                                "data": "",
                                                "id": "PayeeEmail",
                                                "logo": "mbri-letter",
                                                "class": "is-email"
                                            },
                                            {
                                                "control": "TextBox",
                                                "title": "Phone Number",
                                                "data": "",
                                                "id": "PayeePhone",
                                                "logo": "mbri-mobile2",
                                                "class": "is-phone"
                                            },
                                            {
                                "control": "CheckBoxes",
                                "type": "H",
                                "data": 2,
                                "content":[
                                    {
                                        "control": "CheckBox",
                                        "id": "VerPinEmail",
                                        "logo": "mbri-letter",
                                        "data": "Email Verification",
                                        "attr":"checked",
                                        "class":"vpinemail",
                                        "name":"sgsgsg"
                                    },
                                    {
                                        "control": "CheckBox",
                                        "id": "VerPinPhone",
                                        "logo": "mbri-mobile",
                                        "data": "Phone Verification",
                                        "class":"ppinphone",
                                        "name":"sgsgsg"
                                    }
                                ]
                            },
                                            {
                                                "control": "AppButton",
                                                "title": "Verify and Continue",
                                                "data": "",
                                                "id": "payvbtn2",
                                                "logo": "mbri-success"
                                            }
                            
                            
                        ]
                    }
                    
                ]
            }
            
        ]
    }
    
]