{"Markup":"\r\n    <div class=\"bounceInRight- fadeInRight animate-normal indpage \" data-cache=\"forward\"  data-clear=\"\" id=\"indpage_1_3_1\">\r\n        <div class=\"PageData w3-hide\">\r\n            {\"ApplyID\":3,\"ApplyGroupID\":1,\"ApplyName\":\"National Diploma\",\"Title\":\"Apply for the National Diploma Programme\",\"Data\":\"Apply for the National Diploma Programme\",\"ID\":\"payreq\", \"Name\":\"National Diploma\",\"NowPageNum\":1,\"NextPageNum\":2}\r\n        </div>\r\n        <div class=\"pbanner banner\" style=\"background-image:url(../v5/epcore/images/pages/1.png)\"></div>\r\n        <a href=\"javascript:void(0)\" onclick=\"Application.LoadPage(null,3,1)\"\r\n            class=\"pitem applybtn w3-medium\">\r\n            <span class=\"mbri-home pitemind w3-display-right appcolor\"></span>\r\n            <div class=\"logodesign\">\r\n                <div class=\"logoinner w3-green w3-display-container w3-example\"><span\r\n                        class=\"w3-display-middle mbri-edit\"></span></div>\r\n            </div>\r\n            <div class=\"detdesign\">\r\n                <div class=\"maininfo w3-large\">National Diploma</div>\r\n                <div class=\"otherinfo appcolor\"></div>\r\n            </div>\r\n        </a>\r\n        <!-- <div class=\"w3-large pbannertitle\">National Diploma</div> -->\r\n        <div class=\"menu-bx-cont-title appcolor w3-hide\"><span>Apply for the National Diploma Programme</span></div>\r\n        <div class=\"menu-bx-cont-descr\"><span>Apply for the National Diploma Programme</span></div>\r\n        <div class=\"tcolline-line-outer-h\" style=\"position:relative;min-width:100%;margin-bottom:10px\">\r\n            <div class=\"tcolline-line-inner-h\" style=\"width: 70%;\r\n        left: 15%;\"></div>\r\n        </div>\r\n        \r\n        <div class=\"w3-row\">\r\n            <form name=\"National Diploma\" id=\"payreq\" action=\"javascript:void(0)\" class=\"\" onsubmit=\"Application.SaveLoadNextPage(this,'R043',3,2,{Dir:'Apply/Entrance'},'',1);localStorage.setItem('VerCode','');\">\r\n                \r\n    <div class=\"w3-col s12 bbwa-column\">\r\n        \r\n    <div class=\"bbwa-groupbox\" id=\"\">\r\n        <h1 class=\"bbwa-groupbox-title\"></h1>\r\n        \r\n    <div id=\"BoxButton_1593700792_11699\" onclick=\"\"\r\n        class=\"bbwa-textbox appbggradient sticky w3-medium w3-padding w3-round-small w3-display-container bbwa-boxbtn\"\r\n        style=\"display:inline-block;cursor: pointer;margin:auto; max-width:400px; display:block;width:100%\" title=\"Email Address\"><i class=\"fas fa-envelope w3-large bxbtn-logo\"\r\n            style=\"vertical-align: middle;display:inline-block;width:20px\"></i>&nbsp; <div\r\n            style=\"vertical-align: middle;display: inline-block;max-width: calc(100% - 30px);\">\r\n            <div class=\"bbwa-boxbtn-title\">Email Address</div>\r\n            <div class=\"bbwa-boxbtn-data\">Provide a valid Email Address</div>\r\n            <div class=\"bbwa-checkbox-marker w3-padding-small appbgcolor w3-display-right w3-round w3-example zoomIn\"\r\n                id=\"BoxButton_1593700792_11699_Marker\" ></div>\r\n        </div>&nbsp;<i class=\"mbri-arrow-next w3-display-right bbwa-boxbtn-hasaction appcolor\"\r\n            style=\"vertical-align: middle;right:10px\"></i></div>\r\n\r\n    <div class=\"bbwa-textbox \" title=\"doe@example.com\">\r\n        <i class=\"bbwa-textbox-logo mbri-letter\"></i><input  title=\"doe@example.com\" name=\"RegNo_Appl\" id=\"RegNo_Appl\" placeholder=\"doe@example.com\"\r\n            class=\"bbwa-textbox-input gen-text-shadow is-email\" value=\"\" autofocus required style=\"\" type=\"text\" />\r\n        <div class=\"required appcolor tooltip\" tooltip=\"doe@example.com\"><i class=\"fas fa-star\"></i></div>\r\n    </div>\r\n\r\n    <p class=\"w3-center\" style=\"\" id=\"Paragraph_1593700792_61212\" ><a href='https://accounts.google.com/signup' target='_blank' class='appcolor'  >I don't have an Email Address</a></p>\r\n\r\n    </div>\r\n\r\n<button id=\"payvbtn2\" style=\"z-index:104;\" class=\"w3-button w3-card heartBeat2 gen-back-menu-btn appbgcolor w3-circle \"\r\n        onclick=\"\" tooltip=\"Verify and Continue\"   type=\"\">\r\n        <div class=\"w3-display-container\"><i class=\"mbri-right w3-large fa-fw w3-display-middle\"></i></div>\r\n    </button>\r\n\r\n    </div>\r\n\r\n            </form>\r\n        </div>\r\n    </div>\r\n    \r\n","Name":"National Diploma","Logo":"","Descr":"Apply for the National Diploma Programme","PageMarkup":"[\r\n    {\r\n        \"control\": \"Page\",\r\n        \"request\":{\r\n            \"pre\":\"R046\",\r\n            \"post\":\"R043\",\r\n            \"data\":{\"Message\":[]}\r\n        },\r\n        \"name\":\"National Diploma\",\r\n        \"banner\":\"images/pages/1.png\",\r\n        \"title\":\"Apply for the National Diploma Programme\",\r\n        \"data\":\"Apply for the National Diploma Programme\",\r\n        \"action\": \"Application.SaveLoadNextPage(this,'R043',3,2,{Dir:'Apply/Entrance'},'',1);localStorage.setItem('VerCode','');\",\r\n        \"id\": \"payreq\",\r\n        \"cache\":\"forward\",\r\n        \"content\":[\r\n            {\r\n                \"control\": \"Column\",\r\n                \"size\":\"s12\",\r\n                \"content\":[\r\n                    {\r\n                        \"control\": \"GroupBox\",\r\n                        \"style\":\"\",\r\n                        \"wrapper\":[\"\",\"\"],\r\n                        \"content\":[\r\n\r\n                            {\r\n                                \"control\":\"BoxButton\",\r\n                                \"data\":\"Provide a valid Email Address\",\r\n                                \"title\":\"Email Address\",\r\n                                \"logo\":\"fas fa-envelope\",\r\n                                \"style\":\"margin:auto; max-width:400px; display:block;width:100%\",\r\n                                \"class\":\"appbggradient sticky w3-medium\",\r\n                                \"action\":\"\"\r\n                            },\r\n                            {\r\n                                \"comment\":\"kkkk\",\r\n                                \"control\":\"Paragraph\",\r\n                                \"data\":\"Kindly provide a Valid Email Address\",\r\n                                \"class\":\"w3-center\"\r\n                            },\r\n                                            {\r\n                                                \"control\": \"TextBox\",\r\n                                                \"title\": \"doe@example.com\",\r\n                                                \"data\": \"\",\r\n                                                \"id\": \"RegNo_Appl\",\r\n                                                \"logo\": \"mbri-letter\",\r\n                                                \"iclass\": \"is-email\",\r\n                                                \"attr\":\"autofocus required\"\r\n                                            },\r\n                                            {\r\n                                                \"control\": \"Paragraph\",\r\n                                                \"data\": \"<a href='https://accounts.google.com/signup' target='_blank' class='appcolor'  >I don't have an Email Address</a>\",\r\n                                                \"class\": \"w3-center\"\r\n                                            }\r\n                            \r\n                            \r\n                        ]\r\n                    },\r\n                    {\r\n                        \"control\": \"GroupBox\",\r\n                        \"wrapper\":[\"\"],\r\n                        \"content\":[\r\n                          \r\n                                            {\r\n                                                \"control\": \"TextBox\",\r\n                                                \"title\": \"Phone Address\",\r\n                                                \"data\": \"\",\r\n                                                \"id\": \"Appl_Phone\",\r\n                                                \"logo\": \"mbri-mobile\",\r\n                                                \"class\": \"is-phone\",\r\n                                                \"attr\":\"autofocus\"\r\n                                            },\r\n                                            {\r\n                                                \"control\": \"Paragraph\",\r\n                                                \"data\": \"This Phone Number will be registered as your Portal Login. <br/> <a href='javascript:alert(\\\"Generate Number\\\")' class='appcolor'  >I don't have a Phone Number</a>\",\r\n                                                \"class\": \"w3-center\"\r\n                                            }\r\n                            \r\n                            \r\n                        ]\r\n                    },\r\n                                            \r\n                                            {\r\n                                                \"control\": \"AppButton\",\r\n                                                \"title\": \"Verify and Continue\",\r\n                                                \"data\": \"\",\r\n                                                \"id\": \"payvbtn2\",\r\n                                                \"logo\": \"mbri-right\"\r\n                                            }\r\n                    \r\n                ]\r\n            }\r\n            \r\n        ]\r\n    }\r\n    \r\n]","PreRID":"R046","SubmitRID":"R043","PreRequestData":"{\"Message\":[]}","NextPageNum":2,"NowPageNum":1,"R046":{"0":"3","1":"2017-10-16 08:00:00","2":"2016/2017","3":"STUDENT","4":"NO","5":"YES","6":"admissionsupport@aksu.edu.ng","7":"Candidates are expected to write the subjects they wrote in JAMB","8":"0.00","9":"p","10":"6","11":"OPENED","12":"ADMISSION SCREENING SCHEDULE (DE)","13":"DISABELED","14":"PAYREG","15":"FALSE","16":"HALF","17":"-1","18":"FALSE","19":"PROGRESS","20":"TRUE","21":"{\"Origin\":[true,\"State Of Origing\",true],\"Jamb\":[false,\"Jamb Result\"],\"Waec\":[false,\"WAEC RESULT\"],\"Diploma\":[true,\"Diploma Result\"]}","22":"[\"You are expected to <strong>buy</strong> a genuine result checker for the verification of your result from the University e-library on the day of the screening.\",\"You are also expected to come with <strong>3 copies of your jamb result and 3 copies of your AKSU photo card</strong> on the screening day.\",\"Please Note that the date of the screening will be communicated to you via SMS.\"]","23":"{\"Cert\":\"Diploma\"}","ID":"3","DateTime":"2017-10-16 08:00:00","Session":"2016/2017","Verify":"STUDENT","Subj_Comb":"NO","ShowDate":"YES","support":"admissionsupport@aksu.edu.ng","Other":"Candidates are expected to write the subjects they wrote in JAMB","aggregate":"0.00","StudInfoPref":"p","PayID":"6","Status":"OPENED","Title":"ADMISSION SCREENING SCHEDULE (DE)","DirectPay":"DISABELED","PayReg":"PAYREG","PartPay":"FALSE","PartPayShare":"HALF","PartPayRestrict":"-1","PrevCheck":"FALSE","DashBoard":"PROGRESS","ShowOtherDetails":"TRUE","Uploads":"{\"Origin\":[true,\"State Of Origing\",true],\"Jamb\":[false,\"Jamb Result\"],\"Waec\":[false,\"WAEC RESULT\"],\"Diploma\":[true,\"Diploma Result\"]}","Notes":"[\"You are expected to <strong>buy</strong> a genuine result checker for the verification of your result from the University e-library on the day of the screening.\",\"You are also expected to come with <strong>3 copies of your jamb result and 3 copies of your AKSU photo card</strong> on the screening day.\",\"Please Note that the date of the screening will be communicated to you via SMS.\"]","Param":"{\"Cert\":\"Diploma\"}"},"PC_Email":[1],"PC_Phone":[],"ApplyID":3,"PageNum":1,"ApplyGroupID":"1","SubDir":"nacos/","Core":"../v5/epcore/","LRegNo":"Carolinasaka0t01@gmail.com","LoginName":"Carolinasaka0t01@gmail.com","__Root__":"http://live/v5/epcore/","__Core__":"../v5/epcore/","__SubDir__":"nacos/","__Domain__":"http://live/nacos/","ApplyName":"National Diploma","ApplyDescr":"Apply for the National Diploma Programme","ApplyLogo":"mbri-edit","ApplyColor":"w3-green","Dir":"Apply/Entrance","EntranceID":3,"StudyID":5,"__Logo__":"http://live/v5/epcore/"}