[
    {
        "control": "Page",
        "request": {
            "pre": "R026,R027,R006,R031,R002",
            "post": "R008",
            "data": {}
        },
        "name": "School Payments",
        "banner": "images/pages/2.png",
        "title": "{{R002:{{SurName}} {{FirstName}} {{OtherNames}} ({{RegNo}}) :R002}}",
        "data": "",
        "action": "",
        "id": "payreqd",
        "logoo": "",
        "class": "ReloadOnPaidjj",
        "cache": "forward",
        "indicator": "1/4",
        "content": [
            {
                "control": "Column",
                "size": "l12",
                "content": [
                    {
                        "control": "Hidden",
                        "id": "NotPaid",
                        "data": "1"
                    },
                    {
                        "control": "GroupBox",
                        "content": [
                            {
                                "control": "Paragraph",
    
                                "id": "ddddss",
                                "data": "Which payment will you like to make ?",
                                "class": "w3-center w3-large zoomInShort animated fast",
                                "style": "margin:auto; display:block;width:100%;margin-bottom:15px;animation-delay:500ms"
                            },
                            {
                                "control": "Paragraph",
                                "wrapper": [
                                    "{{!R031:",
                                    ":!R031}}"
                                ],
                                "id": "ddddss",
                                "data": "<div class='w3-xxlarge' style='text-align:center'>No Payment</div><div class='w3-large' style='text-align:center'>You are advice to suspend studies, or contact the ICT Team</div>",
                                "class": "w3-center w3-large zoomInShort animated fast",
                                "style": "margin:auto; display:block;width:100%;margin-bottom:15px;animation-delay:500ms;text-align:center"
                            },
                            {
                                "comment": "The Bar not needed",
                                "control": "BoxButton",
                                "id": "coursedet",
                                "data": "{{R026:{{SesName}}:R026}} Session | {{R027:{{Descr}}:R027}}",
                                "class": "w3-center w3-medium sticky appbggradient",
                                "style": "margin:auto; max-width:400px; display:block;width:100%;margin-bottom:15px",
                                "logo": "mbri-bookmark"
                            },
                            {
                                "control": "PaymentBox",
                                "content": [
                                    {
                                        "control": "PaymentLabel",
                                        "wrapper": [
                                            "{{R031:",
                                            ":R031}}"
                                        ],
                                        "action": "Application.SaveLoadNextPage(_('payreqd'),'{{SubmitRID}}',{{ApplyID}},2,{Dir:'{{Dir}}',SemesterID:{{SemID}},LevelID:{{Level}},SemesterPartID:{{SemPartID}},PayID:{{PayID}},RegNo:'{{RegNo}}'},'',{{ApplyGroupID}});",
                                        "status": "{{Status}}",
                                        "title": "{{ItemName}}",
                                        "level": "{{LevelName}}",
                                        "semester": "{{SemName}} ({{SemPartName}})",
                                        "amount": "{{FAmount}}",
                                        "policy": "{{SemPartName}}",
                                        "class": "zoomInShort animated",
                                        "style": "animation-delay:{{$}}00ms"
                                    }
                                ]
                            }
                        ]
                    }
                ]
            }
        ]
    }
]