[
    {
        "control": "Page",
        "request": {
            "pre": "R002,R055",
            "post": "R056",
            "data": {}
        },
        "name": "Payment Details",
        "banner": "images/pages/22.png",
        "title": "{{R002:{{SurName}} {{FirstName}} {{OtherNames}} ({{RegNo}}) :R002}}",
        "data": "",
        "action": "Application.SaveLoadNextPage(this,'{{SubmitRID}}',{{ApplyID}},3,{},'',{{ApplyGroupID}})",
        "id": "payreq",
        "indicator": "2/4",
        "cache": "forward",
        "content": [
            {
                "control": "Column",
                "size": "m12",
                "content": [
                    {
                        "control": "GroupBox",
                        "wrapper": "R055",
                        "content": [
                            {
                                "control": "Paragraph",
                                "id": "dddddfdss",
                                "data": "Add/Remove Item you like to pay",
                                "class": "w3-center w3-large",
                                "style": "margin:auto; display:block;width:100%;margin-bottom:15px;animation-delay:500ms"
                            },
                            {
                                "control": "BoxButton",
                                "id": "coursedet",
                                "title": "<strong><sup>₦</sup> <span id='itemtotcst' class='w3-xlarge'>{{FAmtMain}}</span></strong>",
                                "data": "{{ItemName}}",
                                "class": "w3-medium sticky",
                                "style": "margin:auto; max-width:400px; display:block;width:100%",
                                "logo": "mbri-bookmark",
                                "action": ""
                            },
                            {
                                "wrapper": [
                                    "",
                                    ""
                                ],
                                "control": "ListBox",
                                "id": "PayItems",
                                "class": "",
                                "content": [
                                    {
                                        "wrapper": "Analysis",
                                        "control": "CheckBox",
                                        "id": "pitemid-{{AItemID}}",
                                        "title": "{{AItemName}}",
                                        "data": "",
                                        "name": "payanalysis",
                                        "marker": "₦ {{AFAmt}}",
                                        "logo": "mbri-edit",
                                        "action": "Control.CheckBox.Cumulate('pitem-{{AItemID}}','itemtotcst',{{AAmt}})",
                                        "value": "{{AItemID}}",
                                        "istyle": "",
                                        "class": " pitem-{{AItemID}}",
                                        "attr": "{{ADisabled}} {{AChecked}}"
                                    }
                                ]
                            },
                            {
                                "control": "AppButton",
                                "title": "Make Payment",
                                "data": "",
                                "id": "mkpay",
                                "logo": "mbri-success"
                            },
                            {
                                "control": "Hidden",
                                "id": "PayRef",
                                "data": "{{TransNum}}"
                            }
                        ]
                    }
                ]
            }
        ]
    }
]