[
    {
        "control": "Page",
        "request": {
            "pre": "R002",
            "post": "R008",
            "data": {}
        },
        "name": "Payment Channels",
        "banner": "images/pages/21.png",
        "title": "{{R002:{{SurName}} {{FirstName}} {{OtherNames}} ({{RegNo}}) :R002}}",
        "data": "",
        "action": "",
        "id": "payoptreqdv",
        "logo": "",
        "class": "",
        "indicator": "3/4",
        "content": [
            {
                "control": "Column",
                "size": "l12",
                "content": [
                    {
                        "control": "GroupBox",
                        "content": [
                            {
                                "control": "Paragraph",
                                "id": "ddddss",
                                "data": "How do you want to make this payment",
                                "class": "w3-center w3-large zoomInShort fast animated",
                                "style": "margin:auto; max-width:400px; display:block;width:100%;margin-bottom:15px;animation-delay:500ms",
                                "logo": "mbri-bookmark"
                            },
                            {
                                "control": "BoxButton",
                                "id": "totpaydet",
                                "title": "<strong><sup>₦</sup> <span class='w3-xlarge'>{{FAmt}}</span></strong>",
                                "data": "{{ItemName}}",
                                "class": "w3-medium sticky zoomInShort animated delay-0-1s",
                                "style": "margin:auto; max-width:400px; display:block;width:100%",
                                "logo": "mbri-bookmark",
                                "action": ""
                            },
                            {
                                "control": "ListBox",
                                "class": "w3-medium",
                                "id": "hwpaylistbx",
                                "content": [
                                    {
                                        "control": "BoxButton",
                                        "wrapper":"CARD",
                                        "logo": "mbri-credit-card",
                                        "id": "card_opt",
                                        "action": "Application.FormRequest(_('payreqd'),'{{SubmitRID}}',1,{PayRef:{{PayRef}},PayOptionCard:1});",
                                        "title": "<strong>CARD</strong>",
                                        "data": "Pay via your Credit/Debit Card",
                                        "style": "width:100%",
                                        "class": "elay-0-2s"
                                    },
                                    {
                                        "control": "BoxButton",
                                        "wrapper":"BANK",
                                        "logo": "fas fa-university",
                                        "id": "bank_opt",
                                        "action": "Application.FormRequest(_('payreqd'),'{{SubmitRID}}',1,{PayRef:{{PayRef}}});",
                                        "title": "<strong>BANK</strong>",
                                        "data": "Generate Pay Slip for Cash Deposit",
                                        "style": "width:100%",
                                        "class": "delay-0-3s"
                                    },
                                    {
                                        "control": "BoxButton",
                                        "wrapper":"WALLET",
                                        "logo": "mbri-cash",
                                        "id": "wallet_option",
                                        "action": "Application.SaveLoadNextPage(_('payoptreqdv'),'R061',{{ApplyID}},6,{Dir:'{{Dir}}',PayRef:'{{PayRef}}',PayID:{{PayID}},VerifyScope:'Student'},'',{{ApplyGroupID}});",
                                        "title": "<strong>WALLET</strong>",
                                        "data": "Pay from your School Wallet",
                                        "style": "width:100%",
                                        "class": "delay-0-4s"
                                    },
                                    {
                                        "control": "BoxButton",
                                        "logo": "fas fa-check",
                                        "id": "paid_optionsw",
                                        "action": "=^QPAyChanel",
                                        "title": "<strong>ALREADY PAID</strong>",
                                        "data": "I have Already Paid",
                                        "style": "width:100%",
                                        "class": "delay-0-5s"
                                    }
                                ]
                            }
                        ]
                    }
                ]
            },
            {
                "control": "Popup",
                "id": "QPAyChanel",
                "title": "",
                "content": [
                    {
                        "control": "GroupBox",
                        "content": [
                            {
                                "control": "BoxButton",
                                "logo": "mbri-cash",
                                "id": "",
                                "title": "How do you make the Payment?",
                                "data": "",
                                "style": "width:100%",
                                "class": "zoomInShort animated fast"
                            },
                            {
                                "control": "ListBox",
                                "class": "zoomInShort animated fast",
                                "id": "deplistbx",
                                "content": [
                                    {
                                        "control": "BoxButton",
                                        "logo": "mbri-credit-card",
                                        "id": "card_confirm",
                                        "action": "Application.OpenExternalScript('{{__Root__}}general/Payment/query.php?Ref={{PayRef}}&Channel=1');MessageBox.ClosePopup()",
                                        "title": "CARD",
                                        "data": "Paid using Card",
                                        "style": "width:100%",
                                        "class": "fadeInUp animated fast delay-0-3s"
                                    },
                                    {
                                        "control": "BoxButton",
                                        "logo": "fas fa-university",
                                        "id": "bank_confirm",
                                        "action": "MessageBox.Hint('<p><b>Bank Payment Confirmation Not Available.</b><br/>Contact ICT Team</p>');MessageBox.ClosePopup()",
                                        "title": "BANK",
                                        "data": "Paid by depositing to Bank",
                                        "style": "width:100%",
                                        "class": "fadeInUp animated fast delay-0-2s"
                                    }
                                ]
                            }
                        ]
                    }
                ]
            },
            {
                "control": "BoxButton",
                "logo": "fas fa-check",
                "id": "paid_option_go",
                "action": "Application.SaveLoadNextPage(_('payoptreqdv'),'R009',{{ApplyID}},4,{Dir:'{{Dir}}',PayRef:'{{PayRef}}',PayID:{{PayID}},VerifyScope:'Student'},'',{{ApplyGroupID}});",
                "title": "<strong>ALREADY PAID</strong>",
                "data": "I have Already Paid",
                "style": "width:100%",
                "class": "zoomInShort animated delay-0-5s w3-hide"
            }
        ]
    }
]