[
    {
        "control": "Page",
        "request": {
            "pre": "R002",
            "post": "R008",
            "data": {}
        },
        "name": "Verification",
        "banner": "images/pages/21.png",
        "title": "{{R002:{{SurName}} {{FirstName}} {{OtherNames}} ({{RegNo}}) :R002}}",
        "data": "Payment Verification",
        "action": "",
        "id": "payreqdv",
        "logoo": "",
        "class": "",
        "content": [
            {
                "control": "Column",
                "size": "l12",
                "content": [
                    {
                        "control": "GroupBox",
                        "content": [
                            {
                                "control": "Paragraph",
                                "id": "ddddss",
                                "data": "How do you make the payment",
                                "class": "w3-center w3-large zommInShort fast animated",
                                "style": "margin:auto; max-width:400px; display:block;width:100%;margin-bottom:15px;animation-delay:500ms",
                                "logo": "mbri-bookmark"
                            },
                            {
                                "control": "ListBox",
                                "class": "zommInShort fast animated w3-medium",
                                "id": "hwpaylistbx",
                                "content": [
                                    {
                                        "control": "BoxButton",
                                        "logo": "mbri-credit-card",
                                        "id": "card_opt",
                                        "action": "MessageBox.Hint('Payment Verification not Available at the moment, Try again later','ban','payver');MessageBox.ClosePopup()",
                                        "title": "CARD",
                                        "data": "I made the payment via Card option",
                                        "style": "width:100%",
                                        "class": "fadeInUp fast animated fast"
                                    },
                                    {
                                        "control": "BoxButton",
                                        "logo": "fas fa-university",
                                        "id": "bank_opt",
                                        "action": "MessageBox.Hint('Payment Verification not Available at the moment, Try again later','ban','payver');MessageBox.ClosePopup()",
                                        "title": "BANK",
                                        "data": "I made the payment via Bank option",
                                        "style": "width:100%",
                                        "class": "fadeInUp fast animated fast"
                                    },
                                    {
                                        "control": "BoxButton",
                                        "logo": "mbri-cash",
                                        "id": "wallet_option",
                                        "action": "MessageBox.Hint('Payment Verification not Available at the moment, Try again later','ban','payver');MessageBox.ClosePopup()",
                                        "title": "WALLET",
                                        "data": "I made the payment via Wallet option",
                                        "style": "width:100%",
                                        "class": "fadeInUp fast animated fast"
                                    }
                                ]
                            }
                        ]
                    }
                ]
            }
        ]
    }
]