[
    {
        "control": "Page",
        "request":{
            "pre":"R002",
            "post":"R062",
            "data":{"nopreamt":1}
        },
        "name":"Pay Via Wallet",
        "banner": "images/pages/23.png",
        "title": "{{R002:{{SurName}} {{FirstName}} {{OtherNames}} ({{RegNo}}) :R002}}",
        "data": "",
        "action": "Application.SaveLoadNextPage(this,'R009',{{ApplyID}},4,{Dir:'{{Dir}}',PayRef:'{{TransNum}}',PayID:{{PayID}},VerifyScope:'Student',UpdateFromWallet:1},'',{{ApplyGroupID}})",
        "id": "payreq",
        "indicator":"3/4",
        "cache":"forward",
        "content": [
            {
                "control": "Column",
                "size": "m12",
                "content": [
                    
                    {
                        "control": "GroupBox",
                        "content": [
                            {
                                
                                "control":"Paragraph",
                                "id":"dddddfdss",
                                "data":"Pay via Wallet",
                                "class":"w3-center w3-large zoomInShort fast animated",
                                "style":"margin:auto; display:block;width:100%;margin-bottom:15px;animation-delay:500ms"
                            },{
                                
                                "control": "BoxButton",
                                "id": "coursedet",
                                "title": "<strong><sup>₦</sup> <span id='walletbal' class='w3-xlarge'>{{Balance}}</span></strong>",
                                "data": "WALLET BALANCE",
                                "class": "w3-medium sticky fadeInUp fast animated delay-0-1s uppercase",
                                "style": "margin:auto; max-width:400px; display:block;width:100%",
                                "logo": "mbri-bookmark",
                                "action":""
                            },
                            {
                                
                                "control": "BoxButton",
                                "id": "coursedet",
                                "title": "<strong><sup>₦</sup> <span id='itemtotcst' class='w3-xlarge'>{{FAmt}}</span></strong>",
                                "data": "{{ItemName}}",
                                "class": "w3-medium sticky fadeInUp fast animated delay-0-1s uppercase",
                                "style": "margin:auto; max-width:400px; display:block;width:100%",
                                "logo": "mbri-bookmark",
                                "action":""
                            },
                            {
                                "control": "AppButton",
                                "title": "Make Payment",
                                "data": "",
                                "id": "mkpay",
                                "logo": "mbri-success"
                            }
                        ]
                    }
                ]
            }
        ]
    }
]