

[
    {
        "control": "Page",
        "request":{
            "pre":"R002",
            "post":"",
            "data":{}
        },
        "name":"Payment",
        "banner": "images/pages/{{ImageErr}}",
        "title": "{{R002:{{SurName}} {{FirstName}} {{OtherNames}} ({{RegNo}}) :R002}}",
        "data": "",
        "action": "",
        "id": "payreqdv",
        "logoo":"",
        "class": "",
        "clear":[2,3],
        "indicator":"4/4",
        "content": [
            {
                "control": "Column",
                "size":"l12",
                "content":[
                    
                    {
                        
                        "control":"GroupBox",
                        "content":[
                            {
                                
                                "control":"Paragraph",
                                "id":"ddddsdfs",
                                "data":"{{Status}}",
                                "class":"w3-center w3-xlarge zoomInShort animated",
                                "style":"margin:auto; max-width:400px; display:block;width:100%;margin-bottom:15px;animation-delay:500ms",
                                "logo":"mbri-bookmark"
                            },
                            
                            {
                                "control":"ListBox",
                                "class":"zoomInShort faster animated w3-medium",
                                "id":"hwpaylistyhybx",
                                "content":[
                                    {
                                
                                        "control": "BoxButton",
                                        "id": "totpadydet",
                                        "title": "<strong><sup>₦</sup> <span class='w3-xlarge'>{{FAmt}}</span></strong>",
                                        "data": "{{ItemName}}",
                                        "class": "w3-medium sticky fadeInUp fast animated delay-0-1s",
                                        "style": "margin:auto; max-width:400px; display:block;width:100%",
                                        "logo": "mbri-bookmark",
                                        "action":""
                                    },

                                    {
                                        "control":"BoxButton",
                                        "logo":"mbri-credit-card",
                                        "id":"payrefff",
                                        "title":"{{PayRef}}",
                                        "data":"Payment Referenece",
                                        "style":"width:100%",
                                        "class":"fadeInUp fast animated delay-0-2s"
                                    },

                                    {
                                        "control":"BoxButton",
                                        "logo":"fas fa-university",
                                        "id":"blvl_opt",
                                        "action":"",
                                        "title":"{{LevelName}}",
                                        "data":"Level",
                                        "style":"width:100%",
                                        "class":"fadeInUp fast animated delay-0-3s"
                                    },
                                    
                                    {
                                        "control":"BoxButton",
                                        "logo":"fas fa-university",
                                        "id":"blvldff_opt",
                                        "action":"",
                                        "title":"{{SemesterName}}",
                                        "data":"Pay Policy",
                                        "style":"width:100%",
                                        "class":"fadeInUp fast animated delay-0-4s"
                                    }
                                    
                                ]
                            },
                            {
                                "control":"Popup_",
                                "wrapper_":["{{AutoReg:",":AutoReg}}"],
                                "id":"popup_newreg_{{NewReg}}",
                                "title":"School Registration Number",
                                "class":"AutoPop",
                                "content":[
                                    {
                                        "control":"Paragraph",
                                        "data":"School Registration Number Assigned Successfully, you can now login with your Registration Number and Access Code",
                                        "class":"zoomInShort fast animated delay-0-4s"
                                    },
                                    {
                                        "control":"GroupBox",
                                        "content":[
                                            {
                                                "control":"ListBox",
                                                "id":"nregdetlistbx",
                                                "class":"zoomInShort fast animated delay-0-4s",
                                                "content":[
                                                    {
                                                        "control":"BoxButton",
                                                        "logo":"mbri-user",
                                                        "id":"newregdet_{{NewReg}}",
                                                        "title":"{{NewReg}}",
                                                        "data":"School Registration Number",
                                                        "style":"width:100%",
                                                        "class":"fadeInUp fast animated delay-0-5s"
                                                    },{
                                                        "control":"BoxButton",
                                                        "logo":"fas fa-print",
                                                        "id":"printconslip{{NewReg}}",
                                                        "action":"_Printer.Load({{NRedirectData}});MessageBox.ClosePopup()",
"title":"Print Slip",
                                                        "data":"Re-Print your Confirmation Slip",
                                                        "style":"width:100%"
                                                        
                                                    },
                                                    {
                                                        "control":"BoxButton",
                                                        "logo":"fas fa-times",
                                                        "id":"clspopup_{{NewReg}}",
                                                        "action":"MessageBox.ClosePopup()",
"title":"Close",
                                                        "data":"Ok, Noted Thanks",
                                                        "style":"width:100%",
                                                                                                                                                                        "class":"fadeInUp fast animated delay-0-5s"
                                                    }
                                                ]
                                            }
                                        ]
                                    }
                                    
                                    
                                    
                                ]
                            },
                            {
                                "control": "AppButton",
                                "title": "Print Reciept",
                                "data": "",
                                "id": "prr",
                                "logo": "mbri-print",
                                "action": "_Printer.Load({{PrintData}})"
                            }
                        ]
                    }
                    
                   
                    
                ]
            }
        ]
    }
]