[
    {
        "control": "Page",
        "request":{
            "pre":"R002,R026,R027,R033",
            "post":"R034",
            "data":{}
        },
        "name":"Register Course",
        "banner": "images/pages/4.png",
        "title": "{{R002:{{SurName}} {{FirstName}} {{OtherNames}} ({{RegNo}}) :R002}}",
        "data": "Register your Courses/Subjects",
        "action": "Application.SaveLoadNextPage(this,'{{SubmitRID}}',{{ApplyID}},2,{},'',{{ApplyGroupID}})",
        "id": "payreq",
        "content": [
            {
                "control": "Column",
                "size": "m12",
                "content": [
                    
                    {
                        "control": "GroupBox",
                        "wrapper": [
                            "{{R033:",
                            ":R033}}"
                        ],
                        "content": [
                            {
                                
                                "control": "BoxButton",
                                "id": "coursedet",
                                "title": "<strong>{{LevelName}}</strong> | <strong>{{SemesterName}}</strong>",
                                "data": "<strong>{{R026:{{SesName}}:R026}}</strong>&nbsp;Session",
                                "class": "w3-medium stickyh appbggradient zoomInShort animated delay-0-1s",
                                "style": "margin:auto; max-width:400px; display:block;width:100%",
                                "logo": "mbri-bookmark",
                                "action":""
                            },
                            {
                                "control": "TabHead",
                                "class":"sticky zoomInShort animated delay-0-2s",
                                "style":"z-index:100",
                                "content": [
                                    {
                                        "control": "TabAction",
                                        "id": "autoregtab",
                                        "style": "",
                                        "action": "Control.CheckBox.Select('{{SemesterClass}}',false);Control.CheckBox.Select('{{AutoClass}}',true,true);Control.CheckBox.Disabled('{{SemesterClass}}',true)",
                                        "logo": "mbri-protect",
                                        "title": "Auto",
                                        "attr": "",
                                        "name": "coursereg",
                                        "size": "s4"
                                    },
                                    {
                                        "control": "TabAction",
                                        "id": "manualreg",
                                        "style": "",
                                        "action": "Control.CheckBox.Select('{{SemesterClass}}',false);Control.CheckBox.Disabled('{{SemesterClass}}',false)",
                                        "logo": "mbri-cursor-click",
                                        "title": "Manual",
                                        "attr": "",
                                        "name": "coursereg",
                                        "size": "s4"
                                    },
                                    {
                                        "control": "TabAction",
                                        "id": "allreg",
                                        "style": "",
                                        "action": "Control.CheckBox.Select('{{SemesterClass}}',true);Control.CheckBox.Disabled('{{SemesterClass}}',false)",
                                        "logo": "mbri-bookmark",
                                        "title": "All",
                                        "attr": "",
                                        "name": "coursereg",
                                        "size": "s4"
                                    }
                                ]
                            },
                            {
                                "wrapper": [
                                    "{{SLC:",
                                    ":SLC}}"
                                ],
                                "control": "ListBox",
                                "id": "CoursesReg",
                                "filter":true,
                                "content": [
                                    {
                                        "wrapper": [
                                            "{{Courses:",
                                            ":Courses}}"
                                        ],
                                        "control": "CheckBox",
                                        "id": "course_{{CourseID}}",
                                        "title": "{{CourseCode}}",
                                        "data": "{{Title}}",
                                        "name": "course{{CourseID}}",
                                        "marker": "{{CH}}",
                                        "logo": "mbri-edit",
                                        "action": "",
                                        "value": "{{CourseID}}",
                                        "istyle": "animation-delay:{{$}}00ms",
                                        "class": "{{Class}} zoomInShort animated"
                                    }
                                ]
                            },
                            {
                                "wrapper": [
                                    "{{LLC:",
                                    ":LLC}}"
                                ],
                                "control": "ListBox",
                                "id": "LCoursesRegCntr",
                                "content": [
                                    {
                                        "control": "CheckBox",
                                        "id": "toogleLcourses",
                                        "title": "Lower Level Course",
                                        "data": "Select from Lower Level Courses",
                                        "name": "lcoursesn",
                                        "marker": "",
                                        "logo": "mbri-add-submenu",
                                        "action": "Control.Visibility('LCoursesReg',this.checked)",
                                        "value": "",
                                        "istyle": "animation-delay:600ms",
                                        "class": "zoomInShort animated"
                                    }
                                ]
                            },
                            {
                                "wrapper": [
                                    "{{LLC:",
                                    ":LLC}}"
                                ],
                                "control": "ListBox",
                                "id": "LCoursesReg",
                                "ulclass":"w3-hide",
                                "filter":true,
                                "content": [
                                    {
                                        "wrapper": [
                                            "{{Courses:",
                                            ":Courses}}"
                                        ],
                                        "control": "CheckBox",
                                        "id": "course_{{CourseID}}",
                                        "title": "{{CourseCode}}",
                                        "data": "{{Title}}",
                                        "name": "course{{CourseID}}",
                                        "marker": "{{CH}}",
                                        "logo": "mbri-add-submenu",
                                        "action": "",
                                        "value": "{{CourseID}}",
                                        "istyle": "animation-delay:{{$}}00ms",
                                        "class": "{{Class}} zoomInShort animated"
                                    }
                                ]
                            },
                            {
                                "control": "AppButton",
                                "title": "Register",
                                "data": "",
                                "id": "regcourse",
                                "logo": "mbri-success"
                            },
                            {
                                "control": "Hidden",
                                "id": "RegNo",
                                "data": "{{R033:{{RegNo}}:R033}}"
                            },
                            {
                                "control": "Hidden",
                                "id": "LevelID",
                                "data": "{{R033:{{LevelID}}:R033}}"
                            },
                            {
                                "control": "Hidden",
                                "id": "SemesterID",
                                "data": "{{R033:{{SemesterID}}:R033}}"
                            },
                            {
                                "control": "Hidden",
                                "id": "ProgID",
                                "data": "{{R033:{{ProgID}}:R033}}"
                            },
                            {
                                "control": "Hidden",
                                "id": "SessionName",
                                "data": "{{R026:{{SesName}}:R026}}"
                            },
                            {
                                "control": "Hidden",
                                "id": "LevelName",
                                "data": "{{R033:{{LevelName}}:R033}}"
                            },
                            {
                                "control": "Hidden",
                                "id": "SemesterName",
                                "data": "{{R033:{{SemesterName}}:R033}}"
                            }
                        ]
                    }
                ]
            }
        ]
    }
]