[
    {
        "control": "Page",
        "request": {
            "pre": "R046",
            "post": "R043",
            "data": {
                "Message": []
            }
        },
        "name": "{{ApplyName}}",
        "banner": "images/pages/1.png",
        "title": "{{ApplyDescr}}",
        "data": "",
        "action": "Application.SaveLoadNextPage(this,'{{SubmitRID}}',{{ApplyID}},{{NextPageNum}},{Dir:'{{Dir}}'},'',{{ApplyGroupID}});localStorage.setItem('VerCode','');",
        "id": "payreqapp",
        "cache": "forward",
        "content": [
            {
                "control": "Column",
                "size": "s12",
                "content": [
                    {
                        "control": "GroupBox",
                        "style": "",
                        "wrapper": [],
                        "content": [
                            {
                                "control": "BoxButton_",
                                "data": "Provide a valid Email Address",
                                "title": "Email Address",
                                "logo": "fas fa-envelope",
                                "style": "margin:auto; max-width:400px; display:block;width:100%",
                                "class": "appbggradient sticky w3-medium",
                                "action": ""
                            },
                            {
                                "control": "Paragraph",
                                "data": "Welcome, Lets get Started",
                                "class": "w3-center w3-large fadeIn animated delay-0-5s"
                            },
                            {
                                "control": "TextBox",
                                "title": "{{R046:{{VerDisStr}}:R046}}",
                                "data": "",
                                "id": "RegNo_Appl",
                                "logo": "mbri-user",
                                "iclass": "",
                                "attr": "autofocus required",
                                "class": "fadeInUp animated delay-0-2s"
                            },
                            {
                                "control": "Paragraph{{R046:{{NewEmail}}:R046}}",
                                "data": "<a href='https://accounts.google.com/signup' target='_blank' class='appcolor'  >I don't have an Email Address ?</a>",
                                "class": "w3-center fadeInUp animated delay-0-3s"
                            },
                            {
                                "control": "Hidden",
                                "id": "vertype",
                                "data": "email",
                                "class": "w3-center"
                            }
                        ]
                    },
                    {
                        "control": "GroupBox_",
                        "wrapper": [],
                        "content": [
                            {
                                "control": "TextBox",
                                "title": "Phone Number",
                                "data": "",
                                "id": "RegNo_Appl",
                                "logo": "mbri-mobile",
                                "iclass": "is-phone",
                                "attr": "autofocus"
                            },
                            {
                                "control": "Paragraph",
                                "data": "Your Phone Number will be registered as your Portal Login. <br/> <a href=\"javascript:Application.SaveLoadNextPage(_('payreqapp'),'R054',{{ApplyID}},{{NowPageNum}},{Dir:'{{Dir}}',PC_Phone:[0],PC_Email:[1]},'',{{ApplyGroupID}});\" class='appcolor'  >I don't have a Phone Number, will like to use my Email Address</a>",
                                "class": "w3-center"
                            },
                            {
                                "control": "Hidden",
                                "id": "vertype",
                                "data": "phone",
                                "class": "w3-center"
                            }
                        ]
                    },
                    {
                        "control": "AppButton",
                        "title": "Verify and Continue",
                        "data": "",
                        "id": "payvbtn2",
                        "logo": "mbri-right"
                    }
                ]
            }
        ]
    }
]