[
    {
        "control": "Page",
        "request":{
            "pre":"R048,R010,R029,R030",
            "post":"R049",
            "data":{}
        },
        "name":"O/A Level Result",
        "banner":"images/pages/14.png",
        "title": "O/A Level Result",
        "data": "<span class='appcolor uppercase'> {{R010:{{SurName}} {{FirstName}} :R010}}</span><br />Select your O/A Level Result",
        "action": {"RegNo_Appl":"{{RegNo_Appl}}","Dir":"{{Dir}}"},
       
        "id": "payreq",
        "cache":"both",
        "content": [
            {
                "control": "Column",
                "size":"m12",
                "content":[
                    {
                        "control": "GroupBox",
                        "content":[
                            {
                                "control":"BoxButton",
                                "data":"Use the tab button to switch First and Second sitting",
                                "title":"O/A Level Result",
                                "logo":"fas fa-list-alt",
                                "style":"margin:auto; max-width:400px; display:block;width:100%",
                                "class":"appbggradient sticky w3-medium",
                                "action":""
                            },
                            {
                                "control": "TabHead",
                                "class":"sticky",
                                "style":"top: 40px;background-color: rgba(0,0,0,.6);",
                                "content":[
                                    {
                                        "control": "TabButton",
                                        "id": "FirstSittings",
                                        "style": "",
                                        "action": "firstsitbx",
                                        "logo": "mbri-edit",
                                        "title": "First Sitting",
                                        "attr":"checked",
                                        "data":"olvsittin"
                                    },
                                    {
                                        "control": "TabButton",
                                        "id": "SecondSittings",
                                        "style": "",
                                        "action": "secondsitbx",
                                        "logo": "mbri-edit",
                                        "title": "Second Sitting",
                                        "attr":"",
                                        "data":"olvsittin"
                                    }
                                    
                                ]
                            },
                            {
                                "control": "TabBody",
                                "content":[
                                    {
                                        "control": "TabContent",
                                        "id": "firstsitbx",
                                        "content":[
                                            {
                                                "control": "ComboBox",
                                                "title": "Exam Type",
                                                "data": {
                                                    "requestId": "R048",
                                                    "value": "ID",
                                                    "text": "Name"
                                                },
                                                "id": "ExamType",
                                                "logo": "mbri-edit",
                                                "attr":"required",
                                                "drop":""
                                            },
                                            {
                                                "control": "TextBox",
                                                "title": "Exam Date (D/M/YYYY)",
                                                "data": "",
                                                "id": "ExamYear",
                                                "logo": "mbri-calendar",
                                                "iclass": "Calendar  aim-calender-ctr",
                                                "attr":"data-selected-class='appbgcolor'  data-today-class='appcolor' data-body-style='margin-top:0px;margin-left:0px;z-index:200'"
                                            },
                                            {
                                                "control": "ComboBox",
                                                "title": "Exam Batch",
                                                "data": [
                                                    {"value":1,"text":"INTERNAL"},
                                                    {"value":2,"text":"EXTERNAL"}
                                                ],
                                                "id": "ExamBatch",
                                                "logo": "mbri-features",
                                                "class": "",
                                                "attr":"",
                                                "drop":"up"
                                            },
                                            {
                                                "control": "TextBox",
                                                "title": "Exam Number",
                                                "data": "",
                                                "id": "ExamNum",
                                                "logo": "mbri-user",
                                                "class": "",
                                                "attr":""
                                            },
                                            {
                                                "control": "TextBox",
                                                "title": "School Name",
                                                "data": "",
                                                "id": "SchName",
                                                "logo": "mbri-home",
                                                "class": "",
                                                "attr":""
                                            },
                                            {
                                                "control": "ListBox",
                                                "id":"OlvRstLB",
                                                "content":[
                                                    {
                                                        "wrapper":["{{R030:",":R030}}"],
                                                        "control":"CheckBox",
                                                        "id":"check_{{SubId}}",
                                                        "title":"{{SubName}}",
                                                        "data": "",
                                                        "name":"check_{{SubId}}",
                                                        "marker":"",
                                                        "logo":"mbri-edit",
                                                        "action":"Control.Filler.Process(this,'GradeFiller')",
                                                        "value":"",
                                                        "class":"fadeInUp animated",
                                                        "style":"animation-delay:{{$}}00ms"
                                                    },
                                                    {
                                                        "control":"Filler",
                                                        "id":"GradeFiller",
                                                        "container":"popup",
                                                        "title":"Select Grade",
                                                        "content":[
                                                            {
                                                                "wrapper":["{{R029:",":R029}}"],
                                                                "control":"BoxButton",
                                                                "id":"{{ID}}",
                                                                "title":"{{Grade}}",
                                                                "data":"{{Desc}}",
                                                                "style":"width:48%;animation-delay:{{$}}00ms",
                                                                "class":"no-logo fadeInUp animated"
                                                            }
                                                        ]
                                                    }
                                                ]
                                            }
                                        ]
                                    },
                                    {
                                        "control": "TabContent",
                                        "id": "secondsitbx",
                                        "content":[
                                            {
                                                "control": "ComboBox",
                                                "title": "Exam Type",
                                                "data": {
                                                    "requestId": "R048",
                                                    "value": "ID",
                                                    "text": "Name"
                                                },
                                                "id": "ExamType2",
                                                "logo": "mbri-edit",
                                                "drop":""
                                            },
                                            {
                                                "control": "TextBox",
                                                "title": "Exam Date (D/M/YYYY)",
                                                "data": "",
                                                "id": "ExamYear2",
                                                "logo": "mbri-calendar",
                                                "iclass": "Calendar  aim-calender-ctr",
                                                "attr":"data-selected-class='appbgcolor'  data-today-class='appcolor' data-body-style='margin-top:0px;margin-left:0px;z-index:200'"
                                            },
                                            {
                                                "control": "ComboBox",
                                                "title": "Exam Batch",
                                                "data": [
                                                    {"value":1,"text":"INTERNAL"},
                                                    {"value":2,"text":"EXTERNAL"}
                                                ],
                                                "id": "ExamBatch2",
                                                "logo": "mbri-features",
                                                "class": "",
                                                "drop":"up"
                                            },
                                            {
                                                "control": "TextBox",
                                                "title": "Exam Number",
                                                "data": "",
                                                "id": "ExamNum2",
                                                "logo": "mbri-user",
                                                "class": ""
                                            },
                                            {
                                                "control": "TextBox",
                                                "title": "School Name",
                                                "data": "",
                                                "id": "SchName2",
                                                "logo": "mbri-home",
                                                "class": ""
                                            },
                                            {
                                                "control": "ListBox",
                                                "id":"OlvRstLB2",
                                                "content":[
                                                    {
                                                        "wrapper":["{{R030:",":R030}}"],
                                                        "control":"CheckBox",
                                                        "id":"check2_{{SubId}}",
                                                        "title":"{{SubName}}",
                                                        "data": "",
                                                        "name":"check2_{{SubId}}",
                                                        "marker":"",
                                                        "logo":"mbri-edit",
                                                        "action":"Control.Filler.Process(this,'GradeFiller')",
                                                        "value":"",
                                                        "class":"fadeInUp animated",
                                                        "style":"animation-delay:{{$}}00ms"
                                                    }
                                                ]
                                            }
                                        ]
                                    }
                                ]
                            },
                                            
                            {
                                "control": "AppButton",
                                "title": "Verify and Continue",
                                "data": "",
                                "id": "olelbtn",
                                "logo": "mbri-right",
                                "class":""
                            },
                            {
                                "control":"Hidden",
                                "id":"RegLevel_Olvl",
                                "data":"{{NextPageNum}}"
                            }
                            
                        ]
                    }
                ]
            }
        ]
    }
]