[
    {
        "control": "Page",
        "request":{
            "pre":"R010,R050",
            "post":"R051",
            "data":{}
        },
        "name":"Upload Document",
        "banner":"images/pages/15.png",
        "title": "Upload Documents",
        "data": "<span class='appcolor uppercase'> {{R010:{{SurName}} {{FirstName}} :R010}}</span><br />Upload Scanned Document",
        "action": {"RegNo_Appl":"{{RegNo_Appl}}","Dir":"{{Dir}}"},
        "id": "uplddc",
        "cache":"both",
        "content": [
            {
                "control":"Column",
                "wrapper":["{{R050:",":R050}}"],
                "size":"m6",
                "style":"margin:auto",
                "content":[
                    {
                        "control": "GroupBox",
                        "content":[
                            {
                                "control":"FileUpload",
                                "id":"{{Dir}}_Appl",
                                "title":"{{Title}}",
                                "data":"<div class='w3-padding w3-opacity-max'><span style='vertical-align:middle;display:inline-block'>Click </span><span style='vertical-align:middle;display:inline-block;margin:0px 4px' class='mbri-paperclip'></span><span style='vertical-align:middle;display:inline-block'> Attach Button</span></div>",
                                "logo":"mbri-paperclip",
                                "required":"{{Required}}",
                                "class":"fadeInUp animated",
                                "style":"animation-delay:{{$}}00ms",
                                "maxsize":"0",
                                "minsize":"20480",
                                "accept":"image/*"
                            }

                        ]
                    }
                ]
            },
            {
                       
                           "control": "AppButton",
                           "title": "Finish Registration",
                           "data": "",
                           "id": "olsit",
                           "logo": "mbri-success"
                       
                   },
                  
                   {
                       "control":"Hidden",
                       "id":"RegLevel_Upl",
                       "data":"{{NextPageNum}}"
                   }
        ]
    }
]