[
    {
        "control": "Page",
        "request":{
            "pre":"R010",
            "post":"R013",
            "data":{}
        },
        "name":"Complete Registration",
        "banner":"",
        "title": "Complete your Registration",
        "data": "<span class='appcolor uppercase'> {{R010:{{SurName}} {{FirstName}} :R010}}</span><br />Complete your Registration",
        "action": {"RegNo_CandV":"{{R010:{{RegNo}}:R010}}"},
        "id": "complreg",
        "cache":"none",
        "content": [
            {
                "wrapper":["{{R010:",":R010}}"],
                "control":"Column",
                "size":"m6",
                "style":"margin:auto",
                "content":[
                    {
                        "control": "GroupBox",
                        "content":[
                            {
                                "control":"Passport",
                               "default":"{{__Domain__}}Files/{{Passport}}",
                               "type":"viewonly"
                            }

                        ]
                    }
                ]
            },
            {
                "wrapper":["{{R010:",":R010}}"],
                "control":"Column",
                "size":"m6",
                "style":"margin:auto",
                "content":[
                    {
                        "control": "GroupBox",
                        "content":[
                            {
                                "control":"BoxButton",
                                "data":"{{FacultyName}} / {{ProgrammeName}}",
                                "title":"{{SurName}} {{FirstName}} {{OtherNames}}",
                                "logo":"fas fa-bookmark",
                                "style":"margin:auto; max-width:400px; display:block;width:100%;font-size:1.4em",
                                "class":"appbggradient",
                                "action":""
                            },{
                                
                                "control": "ListBox",
                                "id": "declearation",
                                "content": [
                                    {
                                        "control":"BoxButton",
                                        "data":"Preview your Supplied Details",
                                        "title":"Preview",
                                        "logo":"fas fa-print",
                                        "style":"margin:auto; max-width:400px; display:block;width:100%",
                                        "class":"w3-medium",
                                        "action":"_Printer.Load({{RedirectData}})"
                                    },
                                    {
                                        "control":"BoxButton",
                                        "data":"Note, by clicking the Finish Button, you have attest that all information provide are genuine and you will be held responsible for any error",
                                        "title":"",
                                        "logo":"fas fa-exclamation-triangle",
                                        "style":"margin:auto; max-width:400px; display:block;width:100%",
                                        "class":"",
                                        "action":""
                                    },
                                    {
                                        "control": "Comment",
                                        "id": "decleartion",
                                        "title": "",
                                        "data": "I {{SurName}} {{FirstName}} {{OtherNames}}, attest that every information supply are correct and accurate.",
                                        "name": "decl",
                                        "marker": "",
                                        "logo": "mbri-edit",
                                        "action": "",
                                        "value": "",
                                        "class": ""
                                    }
                                ]
                            }
                        ]
                    }
                ]
            },
            {
                       
                           "control": "AppButton",
                           "title": "Finish Registration",
                           "data": "",
                           "id": "olsit",
                           "logo": "mbri-success"
                       
                   },
                  
                   {
                       "control":"Hidden",
                       "id":"RegLevel_Upl",
                       "data":"{{NextPageNum}}"
                   },
                  
                   {
                       "control":"Hidden",
                       "id":"LastReg",
                       "data":"1"
                   }
        ]
    }
]