[
    {
        "control": "Page",
        "request":{
            "pre":"R010,R064",
            "post":"R000",
            "data":{}
        },
        "name":"Registration Completed",
        "banner":"images/pages/16.png",
        "title": "Registration Completed",
        "data": "<span class='appcolor uppercase'> {{R010:{{SurName}} {{FirstName}} :R010}}</span><br />Registration Completed",
        "action": {"RegNo_Appl":"{{RegNo_Appl}}","Dir":"{{Dir}}"},
        "id": "complreg",
        "cache":"none",
        "clear":"all",
        "content": [
           
            {
                "wrapper":["{{R010:",":R010}}"],
                "control":"Column",
                "size":"m12",
                "style":"margin:auto",
                "content":[
                    {
                        "control": "GroupBox",
                        "content":[
                            {
                                "control":"BoxButton",
                                "data":"{{FacultyName}} / {{ProgrammeName}}",
                                "title":"{{SurName}} {{FirstName}} {{OtherNames}}",
                                "logo":"fas fa-bookmark",
                                "style":"margin:auto; max-width:400px; display:block;width:100%;font-size:1.4em",
                                "class":"appbggradient",
                                "action":""
                            },
                            {
                                
                                "control":"Box",
                                "content":[
{"control":"BlockText",
    "data":"<div>Your Admission Status will be communicated to you<div><div><b>OR</b></div><div>Check using <em class='appcolor'>Enrol <i class='fas fa-chevron-right'></i> <b>Student Account</b></em></div><br/>For more information contact the ICT Unit",
    "class":"w3-center w3-medium fadeIn animated delay-0-5s"}
                                ]
                            },
                            {
                                
                                "control": "ListBox_",
                                "id": "declearation",
                                "content": [
                                    
                                    {
                                        "control":"BoxButton",
                                        "data":"Kindly Check your Admission Status, Using the Student Account Module. For more information contact the ICT Unit",
                                        "title":"",
                                        "logo":"fas fa-info-circle",
                                        "style":"margin:auto; max-width:400px; display:block;width:100%",
                                        "class":"",
                                        "action":""
                                    },
                                    {
                                        "control": "Comment",
                                        "id": "decleartion",
                                        "title": "",
                                        "data": "I {{SurName}} {{FirstName}} {{OtherNames}}, attest that every information supply are correct and accurate.",
                                        "name": "decl",
                                        "marker": "",
                                        "logo": "mbri-edit",
                                        "action": "",
                                        "value": "",
                                        "class": ""
                                    }
                                ]
                            }
                        ]
                    }
                ]
            },
            {
                       
                           "control": "AppButton",
                           "title": "Reprint Slip",
                           "data": "",
                           "id": "olsit",
                           "logo": "mbri-print",
                           "action":"_Printer.Load({{R010:{{RedirectData}}:R010}})"
                       
                   }
        ]
    }
]