[
    {
        "control": "Page",
        "request": {
            "pre": "R046",
            "post": "R043",
            "data": {
                "Message": []
            }
        },
        "name": "{{ApplyName}}",
        "banner": "images/pages/cert2.png",
        "title": "{{ApplyDescr}}",
        "data": "",
        "action": "Application.SaveLoadNextPage(this,'{{SubmitRID}}',{{ApplyID}},{{NextPageNum}},{Dir:'{{Dir}}'},'',{{ApplyGroupID}});localStorage.setItem('VerCode','');",
        "id": "payreqapp",
        "cache": "both",
        "content": [
            {
                "control": "Column",
                "size": "m6",
                "content": [
                    {
                        "control": "Spreadsheet",
                        "column": "auto auto auto",
                        "col-gap": "2px",
                        "row-gap": "2px",
                        "title": "Secondary Education",
                        "style": "margin:auto; max-width:400px;width:100%;margin-bottom: 10px;",
                        "content": [
                            {
                                "control": "Row",
                                "content": [
                                    {
                                        "control": "TextBox",
                                        "title": "Qualification",
                                        "data": "",
                                        "id": "SE001",
                                        "logo": "mbri-contact-form",
                                        "class": "fadeInUp animated delay-0-2s",
                                        "attr": "autofocus"
                                    },
                                    {
                                        "control": "TextBox",
                                        "title": "Date Awarded",
                                        "data": "",
                                        "id": "SE002",
                                        "logo": "mbri-calendar",
                                        "class": "fadeInUp animated delay-0-2s",
                                        "attr": "autofocus"
                                    },
                                    {
                                        "control": "TextBox",
                                        "title": "Awarding Institution",
                                        "data": "",
                                        "id": "SE003",
                                        "logo": "mbri-briefcase",
                                        "class": "fadeInUp animated delay-0-2s",
                                        "attr": "autofocus"
                                    }
                                ]
                            },
                            {
                                "control": "Row",
                                "content": [
                                    {
                                        "control": "TextBox",
                                        "title": "Qualification",
                                        "data": "",
                                        "id": "SE004",
                                        "logo": "mbri-contact-form",
                                        "class": "fadeInUp animated delay-0-2s",
                                        "attr": "autofocus"
                                    },
                                    {
                                        "control": "TextBox",
                                        "title": "Date Awarded",
                                        "data": "",
                                        "id": "SE005",
                                        "logo": "mbri-calendar",
                                        "class": "fadeInUp animated delay-0-2s",
                                        "attr": "autofocus"
                                    },
                                    {
                                        "control": "TextBox",
                                        "title": "Awarding Institute",
                                        "data": "",
                                        "id": "SE006",
                                        "logo": "mbri-briefcase",
                                        "class": "fadeInUp animated delay-0-2s",
                                        "attr": "autofocus"
                                    }
                                ]
                            },
                            {
                                "control": "Row",
                                "content": [
                                    {
                                        "control": "TextBox",
                                        "title": "Qualification",
                                        "data": "",
                                        "id": "SE007",
                                        "logo": "mbri-contact-form",
                                        "class": "fadeInUp animated delay-0-2s",
                                        "attr": "autofocus"
                                    },
                                    {
                                        "control": "TextBox",
                                        "title": "Date Awarded",
                                        "data": "",
                                        "id": "SE008",
                                        "logo": "mbri-calendar",
                                        "class": "fadeInUp animated delay-0-2s",
                                        "attr": "autofocus"
                                    },
                                    {
                                        "control": "TextBox",
                                        "title": "Awarding Institute",
                                        "data": "",
                                        "id": "SE009",
                                        "logo": "mbri-letter",
                                        "class": "fadeInUp animated delay-0-2s",
                                        "attr": "autofocus"
                                    }
                                ]
                            }
                            
                        ]
                    }
                  
                    
                ]
            },
            {
                "control": "Column",
                "size": "m6",
                "content": [
                    {
                        "control": "Spreadsheet",
                        "column": "auto auto auto",
                        "col-gap": "2px",
                        "row-gap": "2px",
                        "title": "University Education",
                        "style": "margin:auto; max-width:400px;width:100%;margin-bottom: 10px;",
                        "content": [
                            {
                                "control": "Row",
                                "content": [
                                    {
                                        "control": "TextBox",
                                        "title": "Qualication",
                                        "data": "",
                                        "id": "UE001",
                                        "logo": "mbri-contact-form",
                                        "class": "fadeInUp animated delay-0-2s",
                                        "attr": "autofocus"
                                    },
                                    {
                                        "control": "TextBox",
                                        "title": "Date Awarded",
                                        "data": "",
                                        "id": "UE002",
                                        "logo": "mbri-calendar",
                                        "class": "fadeInUp animated delay-0-2s",
                                        "attr": "autofocus"
                                    },
                                    {
                                        "control": "TextBox",
                                        "title": "Awarding Institute",
                                        "data": "",
                                        "id": "UE003",
                                        "logo": "mbri-briefcase",
                                        "class": "fadeInUp animated delay-0-2s",
                                        "attr": "autofocus"
                                    }
                                ]
                            },
                            {
                                "control": "Row",
                                "content": [
                                    {
                                        "control": "TextBox",
                                        "title": "Qualication",
                                        "data": "",
                                        "id": "UE004",
                                        "logo": "mbri-contact-form",
                                        "class": "fadeInUp animated delay-0-2s",
                                        "attr": "autofocus"
                                    },
                                    {
                                        "control": "TextBox",
                                        "title": "Date Awarded",
                                        "data": "",
                                        "id": "UE005",
                                        "logo": "mbri-calendar",
                                        "class": "fadeInUp animated delay-0-2s",
                                        "attr": "autofocus"
                                    },
                                    {
                                        "control": "TextBox",
                                        "title": "Awarding Institute",
                                        "data": "",
                                        "id": "UE006",
                                        "logo": "mbri-briefcase",
                                        "class": "fadeInUp animated delay-0-2s",
                                        "attr": "autofocus"
                                    }
                                ]
                            },
                            {
                                "control": "Row",
                                "content": [
                                    {
                                        "control": "TextBox",
                                        "title": "Qualication",
                                        "data": "",
                                        "id": "UE007",
                                        "logo": "mbri-contact-form",
                                        "class": "fadeInUp animated delay-0-2s",
                                        "attr": "autofocus"
                                    },
                                    {
                                        "control": "TextBox",
                                        "title": "Date Awarded",
                                        "data": "",
                                        "id": "UE008",
                                        "logo": "mbri-calendar",
                                        "class": "fadeInUp animated delay-0-2s",
                                        "attr": "autofocus"
                                    },
                                    {
                                        "control": "TextBox",
                                        "title": "Awarding Institute",
                                        "data": "",
                                        "id": "UE009",
                                        "logo": "mbri-briefcase",
                                        "class": "fadeInUp animated delay-0-2s",
                                        "attr": "autofocus"
                                    }
                                ]
                            }
                            
                        ]
                    }
                  
                    
                ]
            },
            {
                "control": "Column",
                "size": "m6",
                "content": [
                    {
                        "control": "Spreadsheet",
                        "column": "auto auto auto",
                        "col-gap": "2px",
                        "row-gap": "2px",
                        "title": "Tertiary Education (Polytechnic/College of Education)",
                        "style": "margin:auto; max-width:400px;width:100%;margin-bottom: 10px;",
                        "content": [
                            {
                                "control": "Row",
                                "content": [
                                    {
                                        "control": "TextBox",
                                        "title": "Qualication",
                                        "data": "",
                                        "id": "TE001",
                                        "logo": "mbri-contact-form",
                                        "class": "fadeInUp animated delay-0-2s",
                                        "attr": "autofocus"
                                    },
                                    {
                                        "control": "TextBox",
                                        "title": "Date Awarded",
                                        "data": "",
                                        "id": "TE002",
                                        "logo": "mbri-calendar",
                                        "class": "fadeInUp animated delay-0-2s",
                                        "attr": "autofocus"
                                    },
                                    {
                                        "control": "TextBox",
                                        "title": "Awarding Institute",
                                        "data": "",
                                        "id": "TE003",
                                        "logo": "mbri-briefcase",
                                        "class": "fadeInUp animated delay-0-2s",
                                        "attr": "autofocus"
                                    }
                                ]
                            },
                            {
                                "control": "Row",
                                "content": [
                                    {
                                        "control": "TextBox",
                                        "title": "Qualication",
                                        "data": "",
                                        "id": "TE004",
                                        "logo": "mbri-contact-form",
                                        "class": "fadeInUp animated delay-0-2s",
                                        "attr": "autofocus"
                                    },
                                    {
                                        "control": "TextBox",
                                        "title": "Date Awarded",
                                        "data": "",
                                        "id": "TE005",
                                        "logo": "mbri-calendar",
                                        "class": "fadeInUp animated delay-0-2s",
                                        "attr": "autofocus"
                                    },
                                    {
                                        "control": "TextBox",
                                        "title": "Awarding Institute",
                                        "data": "",
                                        "id": "TE006",
                                        "logo": "mbri-briefcase",
                                        "class": "fadeInUp animated delay-0-2s",
                                        "attr": "autofocus"
                                    }
                                ]
                            },
                            {
                                "control": "Row",
                                "content": [
                                    {
                                        "control": "TextBox",
                                        "title": "Qualication",
                                        "data": "",
                                        "id": "TE007",
                                        "logo": "mbri-contact-form",
                                        "class": "fadeInUp animated delay-0-2s",
                                        "attr": "autofocus"
                                    },
                                    {
                                        "control": "TextBox",
                                        "title": "Date Awarded",
                                        "data": "",
                                        "id": "TE008",
                                        "logo": "mbri-calendar",
                                        "class": "fadeInUp animated delay-0-2s",
                                        "attr": "autofocus"
                                    },
                                    {
                                        "control": "TextBox",
                                        "title": "Awarding Institute",
                                        "data": "",
                                        "id": "TE009",
                                        "logo": "mbri-briefcase",
                                        "class": "fadeInUp animated delay-0-2s",
                                        "attr": "autofocus"
                                    }
                                ]
                            }
                            
                        ]
                    }
                  
                    
                ]
            },
            {
                "control": "Column",
                "size": "m6",
                "content": [
                    {
                        "control": "Spreadsheet",
                        "column": "auto auto auto",
                        "col-gap": "2px",
                        "row-gap": "2px",
                        "title": "REFEREES: At least one should have tought you at tertiary education level",
                        "style": "margin:auto; max-width:400px;width:100%;margin-bottom: 10px;",
                        "content": [
                            {
                                "control": "Row",
                                "content": [
                                    {
                                        "control": "TextBox",
                                        "title": "Name",
                                        "data": "",
                                        "id": "ref001",
                                        "logo": "mbri-user",
                                        "class": "fadeInUp animated delay-0-2s",
                                        "attr": "autofocus required"
                                    },
                                    {
                                        "control": "TextBox",
                                        "title": "Phone",
                                        "data": "",
                                        "id": "ref002",
                                        "logo": "mbri-mobile",
                                        "class": "fadeInUp animated delay-0-2s",
                                        "attr": "autofocus required"
                                    },
                                    {
                                        "control": "TextBox",
                                        "title": "E-mail",
                                        "data": "",
                                        "id": "ref003",
                                        "logo": "mbri-letter",
                                        "class": "fadeInUp animated delay-0-2s",
                                        "attr": "autofocus required"
                                    }
                                ]
                            },
                            {
                                "control": "Row",
                                "content": [
                                    {
                                        "control": "TextBox",
                                        "title": "Name",
                                        "data": "",
                                        "id": "ref004",
                                        "logo": "mbri-user",
                                        "class": "fadeInUp animated delay-0-2s",
                                        "attr": "autofocus required"
                                    },
                                    {
                                        "control": "TextBox",
                                        "title": "Phone",
                                        "data": "",
                                        "id": "ref005",
                                        "logo": "mbri-mobile",
                                        "class": "fadeInUp animated delay-0-2s",
                                        "attr": "autofocus required"
                                    },
                                    {
                                        "control": "TextBox",
                                        "title": "E-mail",
                                        "data": "",
                                        "id": "ref006",
                                        "logo": "mbri-letter",
                                        "class": "fadeInUp animated delay-0-2s",
                                        "attr": "autofocus required"
                                    }
                                ]
                            },
                            {
                                "control": "Row",
                                "content": [
                                    {
                                        "control": "TextBox",
                                        "title": "Name",
                                        "data": "",
                                        "id": "ref007",
                                        "logo": "mbri-user",
                                        "class": "fadeInUp animated delay-0-2s",
                                        "attr": "autofocus required"
                                    },
                                    {
                                        "control": "TextBox",
                                        "title": "Phone",
                                        "data": "",
                                        "id": "ref008",
                                        "logo": "mbri-mobile",
                                        "class": "fadeInUp animated delay-0-2s",
                                        "attr": "autofocus required"
                                    },
                                    {
                                        "control": "TextBox",
                                        "title": "E-mail",
                                        "data": "",
                                        "id": "ref009",
                                        "logo": "mbri-letter",
                                        "class": "fadeInUp animated delay-0-2s",
                                        "attr": "autofocus required"
                                    }
                                ]
                            }
                            
                            
                        ]
                    }
                  
                    
                ]
            }
        ]
    }
]