[
    {
        "control": "Page",
        "request": {
            "pre": "R046",
            "post": "R044",
            "data": {}
        },
        "name": "Verification",
        "banner": "images/pages/8.png",
        "title": "Verification",
        "data": "Verification",
        "action": "Application.SaveLoadNextPage(this,'{{SubmitRID}}',{{ApplyID}},{{NextPageNum}},{RegNo_Appl:'{{RegNo_Appl}}'},'',{{ApplyGroupID}})",
        "id": "payreq",
        "content": [
            {
                "control": "Column",
                "size": "s12",
                "content": [
                    {
                        "control": "GroupBox",
                        "content": [
                            {
                                "control": "Paragraph",
                                "data": "{{R046:{{VerDisStr2}}:R046}}",
                                "class": "w3-center fadeIn animated delay-0-5s",
                                "style": "font-size:1.2em"
                            },
                            {
                                "control": "BoxButton_",
                                "data": "Already sent to your Mail Box",
                                "title": "Verification Code",
                                "logo": "fas fa-envelope",
                                "style": "margin:auto; max-width:400px; display:block;width:100%",
                                "class": "appbggradient sticky w3-medium",
                                "action": ""
                            },
                            {
                                "control": "TextBox",
                                "title": "______",
                                "data": "",
                                "id": "VerCode",
                                "logo": "",
                                "attr": "type='number' required",
                                "class": "no-logo fadeInUp animated delay-0-2s",
                                "style": "font-size:1.5em;letter-spacing: 1em;text-align:center;width:100%"
                            },
                            {
                                "control": "BoxButton{{R046:{{isphoneonly}}:R046}}",
                                "data": "",
                                "title": "Generate and Resend Verification Code",
                                "logo": "mbri-update",
                                "style": "margin:auto; max-width:400px; display:block;width:100%",
                                "class": "fadeInUp animated delay-0-3s",
                                "action": "Application.SaveLoadNextPage(this,'R043',{{ApplyID}},2,{RegNo_Appl:'{{RegNo_Appl}}',Resend:true,vertype:'{{vertype}}'})"
                            },
                            {
                                "control": "Paragraph_",
                                "class": "w3-center",
                                "content": [
                                    {
                                        "control": "Link",
                                        "data": "Open my mail Box Now",
                                        "class": "appcolor fadeInUp animated delay-0-5s",
                                        "target": "_blank",
                                        "action": "https://{{MailBox}}",
                                        "style": ""
                                    }
                                ]
                            },
                            {
                                "control": "AppButton",
                                "title": "Verify and Continue",
                                "data": "",
                                "id": "payvbtn2",
                                "logo": "mbri-right",
                                "class": ""
                            }
                        ]
                    }
                ]
            }
        ]
    }
]