[
    {
        "control": "Page",
        "request": {
            "pre": "",
            "post": "R013",
            "data": {}
        },
        "name": "Basic Detail",
        "banner": "images/pages/16.png",
        "title": "Basic Details",
        "data": "",
        "action": "Application.SaveLoadNextPage(this,'{{SubmitRID}}',{{ApplyID}},{{NextPageNum}},{RegNo_Appl:'{{RegNo_Appl}}'},'',{{ApplyGroupID}})",
        "id": "payreq",
        "cache": "forward",
        "clear": [
            1
        ],
        "content": [
            {
                "control": "Column",
                "size": "s12",
                "content": [
                    {
                        "control": "GroupBox",
                        "content": [
                            {
                                "control": "Paragraph",
                                "data": "{{RegNo_Appl}}",
                                "title": "",
                                "logo": "",
                                "style": "",
                                "class": "w3-large fadeIn animated delay-0-5s w3-center",
                                "action": ""
                            },
                            {
                                "control": "Hidden",
                                "data": "{{NextPageNum}}",
                                "id": "RegLevel_Appl"
                            },
                            {
                                "control": "TextBox",
                                "title": "Surname",
                                "data": "",
                                "id": "SurName_Appl",
                                "logo": "mbri-user",
                                "class": " fadeInUp animated delay-0-1s",
                                "attr": "required"
                            },
                            {
                                "control": "TextBox",
                                "title": "First Name",
                                "data": "",
                                "id": "FirstName_Appl",
                                "logo": "mbri-user2",
                                "class": " fadeInUp animated delay-0-2s",
                                "attr": "required"
                            },
                            {
                                "control": "TextBox",
                                "title": "Other Names",
                                "data": "",
                                "id": "OtherNames_Appl",
                                "logo": "mbri-users",
                                "class": " fadeInUp animated delay-0-3s",
                                "attr": ""
                            },
                            {
                                "control": "TextBox",
                                "title": "Date of Births",
                                "data": "",
                                "id": "DOB_Appl",
                                "logo": "fas fa-calendar",
                                "iclass": " Calendar aim-calender-ctr",
                                "class": " fadeInUp animated delay-0-4s",
                                "attr": "data-selected-class='appbgcolor'  data-today-class='appcolor' data-body-style='margin-top:-310px;margin-left:-10px'  readonly required"
                            },
                            {
                                "control": "CheckBoxes",
                                "class": " fadeInUp animated delay-0-5s",
                                "type": "H",
                                "data": 2,
                                "content": [
                                    {
                                        "control": "CheckBox",
                                        "id": "GenderMale_Appl",
                                        "logo": "mbri-user",
                                        "data": "Male",
                                        "attr": "checked",
                                        "class": "apgenmale",
                                        "name": "applgender"
                                    },
                                    {
                                        "control": "CheckBox",
                                        "id": "GenderFemale_Appl",
                                        "logo": "mbri-user2",
                                        "data": "Female",
                                        "class": "appgenfemale",
                                        "name": "applgender"
                                    }
                                ]
                            },
                            {
                                "control": "CheckBoxes",
                                "class": " fadeInUp animated delay-0-6s",
                                "type": "H",
                                "data": 2,
                                "content": [
                                    {
                                        "control": "CheckBox",
                                        "id": "StatusSingle_Appl",
                                        "logo": "mbri-user2",
                                        "data": "Single",
                                        "attr": "checked",
                                        "class": "apmarsingle",
                                        "name": "applmarital"
                                    },
                                    {
                                        "control": "CheckBox",
                                        "id": "StatusMarried_Appl",
                                        "logo": "mbri-users",
                                        "data": "Married",
                                        "class": "appmarmarried",
                                        "name": "applmarital"
                                    }
                                ]
                            },
                            {
                                "control": "AppButton",
                                "title": "Verify and Continue",
                                "data": "",
                                "id": "payvbtn2",
                                "logo": "mbri-right",
                                "class": ""
                            }
                        ]
                    }
                ]
            }
        ]
    }
]