[
    {
        "control": "Page",
        "request": {
            "pre": "R045",
            "post": "R045",
            "data": {}
        },
        "name": "Make Payment",
        "banner": "images/pages/2.png",
        "title": "Make Payment",
        "data": "<span class=' uppercase'> {{R045:{{SurName}} {{FirstName}}:R045}} </span>",
        "action": "Application.SaveLoadNextPage(this,'{{SubmitRID}}',{{ApplyID}},{{NowPageNum}},{RegNo_Appl:'{{RegNo_Appl}}'},'',{{ApplyGroupID}})",
        "id": "payreqapp",
        "fclass": "ReloadOnPaid",
        "content": [
            {
                "control": "Column",
                "size": "s12",
                "content": [
                    {
                        "control": "GroupBox",
                        "wrapper": [
                            "{{R045:",
                            ":R045}}"
                        ],
                        "content": [
                            {
                                "control": "BoxButton",
                                "data": "{{PayName}}",
                                "title": "<strong><sup>₦</sup> <span id='ghggg' class='w3-xlarge'>{{FAmount}}</span></strong>",
                                "logo": "fas fa-id-badge",
                                "style": "margin:auto; max-width:400px; display:block;width:100%;text-transform:uppercase;font-weight:bold",
                                "class": " w3-medium",
                                "action": ""
                            },
                            {
                                "control": "BoxButton",
                                "logo": "mbri-credit-card",
                                "id": "card_pay",
                                "action": "Application.FormRequest(_('payreqapp'),'R008',4,{SemesterID:3,LevelID:1,SemesterPartID:3,PayID:{{PayID}},BankPre:'{{BankPre}}',RegNo:'{{RegNo_Appl}}',PayOptionCard:1,Amt:'{{Amount}}'});MessageBox.ClosePopup()",
                                "title": "CARD",
                                "data": "Make Payment Via Card",
                                "style": "margin:auto; max-width:400px; display:block;width:100%;margin-top:3px",
                                "class": "w3-medium"
                            },
                            {
                                "control": "BoxButton",
                                "logo": "fas fa-university",
                                "id": "bank_pay",
                                "action": "Application.FormRequest(_('payreqapp'),'R008',4,{SemesterID:3,LevelID:1,SemesterPartID:3,BankPre:'{{BankPre}}',PayID:{{PayID}},RegNo:'{{RegNo_Appl}}',Amt:'{{Amount}}'});MessageBox.ClosePopup()",
                                "title": "BANK",
                                "data": "Make Payment Via Cash",
                                "style": "margin:auto; max-width:400px; display:block;width:100%;margin-top:3px",
                                "class": "w3-medium"
                            },
                            {
                                "control": "Hidden",
                                "id": "NotPaid",
                                "data": "1"
                            },
                            {
                                "control": "Paragraph",
                                "data": "Already paid?, Click the NEXT Button",
                                "class": "w3-center"
                            },
                            {
                                "control": "AppButton",
                                "title": "Verify and Continue",
                                "data": "",
                                "id": "payvbtnapp",
                                "logo": "mbri-right",
                                "class": ""
                            }
                        ]
                    }
                ]
            }
        ]
    }
]