[
    {
        "control": "Page",
        "request":{
            "pre":"R011,R010",
            "post":"R013",
            "data":{}
        },
        "name":"Basic Details",
        "banner":"images/pages/16.png",
        "title":"Basic Details",
        "data":"<span class='appcolor uppercase'> {{R010:{{SurName}} {{FirstName}} :R010}}</span><br />You are almost there, Let's get your contact",
        "action": "Application.SaveLoadNextPage(this,'{{SubmitRID}}',{{ApplyID}},{{NextPageNum}},{RegNo_Appl:'{{RegNo_Appl}}'},'',{{ApplyGroupID}})",
        "id": "applcntform",
        "cache":"both",
        "content":[
            {
                "control": "Column",
                "size":"s12",
                "content":[
                    {
                        "control": "GroupBox",
                        "content":[
                            {
                                "control":"BoxButton_",
                                "data":"Field with <span class='fas fa-star'></span> are compulsary",
                                "title":"Basic Details",
                                "logo":"fas fa-map",
                                "style":"margin:auto; max-width:400px; display:block;width:100%",
                                "class":"appbggradient sticky w3-medium",
                                "action":""
                            },
                            {
                                "control":"Hidden",
                                "data":"{{NextPageNum}}",
                                "id":"RegLevel_Contact"
                            },{
                                "control": "ComboBox",
                                "title": "Blood Group",
                                "data": {"A":"A","B":"B","AB":"AB","O":"O"},
                                "id": "BloodGroup_Appl",
                                "logo": "mbri-hearth",
                                "class": "",
                                "attr":"required"
                            },
                            {
                                        "control": "TextBox",
                                        "title": "Email Address",
                                        "data": "",
                                        "id": "Email_Appl",
                                        "logo": "mbri-letter",
                                        "iclass": "is-email",
                                        "attr":"required",
                                        "type":"email"
                                    },{
                                        "control": "TextBox",
                                        "title": "Phone Number",
                                        "data": "",
                                        "id": "Phone_Appl",
                                        "logo": "mbri-mobile",
                                        "iclass": "is-phone",
                                        "attr":"required",
                                        "type":"tel"
                                    },
                                    {
                                        "control": "TextPad",
                                        "title": "Address",
                                        "data":"",
                                        "id": "Addrs_Appl",
                                        "logo": "fas fa-road",
                                        "class": "",
                                        "attr":""
                                    },
                                            
                                            {
                                                "control": "AppButton",
                                                "title": "Verify and Continue",
                                                "data": "",
                                                "id": "basicsubbtn",
                                                "logo": "mbri-right"
                                            }
                            
                            
                        ]
                    }
                    
                ]
            }
            
        ]
    }
    
]