[
    {
        "control": "Page",
        "request":{
            "pre":"R011,R010",
            "post":"R013",
            "data":{}
        },
        "name":"Contact Details",
        "banner":"images/pages/10.png",
        "title":"Contact Details",
        "data":"<span class='appcolor uppercase'> {{R010:{{SurName}} {{FirstName}} :R010}}</span><br />You are almost there, Let's get your contact",
        "action": "Application.SaveLoadNextPage(this,'{{SubmitRID}}',{{ApplyID}},{{NextPageNum}},{RegNo_Appl:'{{RegNo_Appl}}'},'',{{ApplyGroupID}})",
        "id": "applcntform",
        "cache":"both",
        "content":[
            {
                "control": "Column",
                "size":"s12",
                "content":[
                    {
                        "control": "GroupBox",
                        "content":[
                            {
                                "control":"BoxButton_",
                                "data":"Field with <span class='fas fa-star'></span> are compulsary",
                                "title":"Contact Details",
                                "logo":"fas fa-map",
                                "style":"margin:auto; max-width:400px; display:block;width:100%",
                                "class":"appbggradient sticky w3-medium",
                                "action":""
                            },
                            {
                                "control":"Hidden",
                                "data":"{{NextPageNum}}",
                                "id":"RegLevel_Contact"
                            },{
                                "control": "ComboBox",
                                "title": "Nationality",
                                "data": {"Nigerian":"Nigerian","Others":"Others"},
                                "id": "Nationality_Appl",
                                "logo": "mbri-globe",
                                "class": "",
                                "attr":"required"
                            },
                            {
                                "control": "ComboBox",
                                "title": "State of Origin",
                                "data":{"requestId":"R011","value":"StateID","text":"StateName"},
                                "id": "StateId_Appl",
                                "logo": "fas fa-map-marker",
                                "class": "",
                                "attr":"required",
                                "action":"var selElmnt= _('StateId_Appl');LoadSelect(_('LGA_Appl'),'R012',{StateID:selElmnt.options[selElmnt.selectedIndex].value},{Value:'LGAID',Text:'LGAName'})",
                                "drop":"center"
                            },
                            {
                                "control": "ComboBox",
                                "title": "Local Government Area",
                                "data":"",
                                "id": "LGA_Appl",
                                "logo": "fas fa-map-signs",
                                "class": "",
                                "attr":"",
                                "drop":"up"
                            },
                            {
                                "control": "TextPad",
                                "title": "Address",
                                "data":"",
                                "id": "Addrs_Appl",
                                "logo": "fas fa-road",
                                "class": "",
                                "attr":""
                            },
                            {
                                "wrapper":"PC_Mailing",
                                "control": "TextPad",
                                "title": "Mailing Address",
                                "data":"",
                                "id": "OtherAddress_Appl",
                                "logo": "fas fa-envelope",
                                "class": "",
                                "attr":""
                            },
                            {
                                "control": "Container",
                                "wrapper":["{{R010:",":R010}}"],
                                "content":[
                                    {
                                        "control": "TextBox",
                                        "wrapper":["{{AllowEmail:",":AllowEmail}}"],
                                        "title": "Email Address",
                                        "data": "",
                                        "id": "Email_Appl",
                                        "logo": "mbri-letter",
                                        "iclass": "is-email",
                                        "attr":"required",
                                        "type":"email"
                                    },{
                                        "control": "TextBox",
                                        "wrapper":["{{AllowPhone:",":AllowPhone}}"],
                                        "title": "Phone Number",
                                        "data": "",
                                        "id": "Phone_Appl",
                                        "logo": "mbri-mobile",
                                        "iclass": "is-phone",
                                        "attr":"required",
                                        "type":"tel"
                                    }
                                ]
                            }
                            ,{
                                "wrapper":"PC_Occupation",
                                "control": "TextBox",
                                "title": "Occupation",
                                "data": "",
                                "id": "Occupation_Appl",
                                "logo": "mbri-idea",
                                "class": "",
                                "attr":""
                            },
                                            
                                            {
                                                "control": "AppButton",
                                                "title": "Verify and Continue",
                                                "data": "",
                                                "id": "contactsubbtn",
                                                "logo": "mbri-right"
                                            }
                            
                            
                        ]
                    }
                    
                ]
            }
            
        ]
    }
    
]