    [
    {
        "control": "Page",
        "request":{
            "pre":"R010",
            "post":"R013",
            "data":{}
        },
        "name":"Passport Photograph",
        "title":"Passport Photograph",
        "data":"<span class='appcolor uppercase'> {{R010:{{SurName}} {{FirstName}} :R010}}</span><br />Upload your Passport Photograph",
        "action": "Application.SaveLoadNextPage(this,'{{SubmitRID}}',{{ApplyID}},{{NextPageNum}},{RegNo_Appl:'{{RegNo_Appl}}'},'',{{ApplyGroupID}})",
        "id": "passpup",
        "cache":"both",
        "content":[
            {
                "control": "Column",
                "size":"s12",
                "content":[
                    {
                        "control": "GroupBox",
                        "content":[
                            {
                                "control":"BoxButtonj",
                                "data":"Valid Image Format (.jpg, .png, ..)",
                                "title":"Passport Photograph",
                                "logo":"fas fa-user",
                                "style":"margin:auto; max-width:400px; display:block;width:100%",
                                "class":"appbggradient sticky w3-medium",
                                "action":""
                            }
                        ]
                    },
                    {
                        "control": "GroupBox",
                        "content":[
                            {
                                "control":"Passport",
                                "id":"Passport_Appl",
                                "maxsize":"0",
                                "minsize":"20480",
"title":"Click Here to Upload",
"accept":"image/*",
"logo":"fas fa-image",
"default":"{{__Core__}}images/bbwa/logo.png"
                            },
                            {
                                "control":"Hidden",
                                "data":"{{NextPageNum}}",
                                "id":"RegLevel_Passp"
                            },
                                            
                                            {
                                                "control": "AppButton",
                                                "title": "Verify and Continue",
                                                "data": "",
                                                "id": "passpbtn",
                                                "logo": "mbri-right"
                                            }
                            
                            
                        ]
                    }
                    
                ]
            }
            
        ]
    }
    
]