[
    {
        "control": "Page",
        "request": {
            "pre": "R026,R010,R014,R020,R058",
            "post": "R013",
            "data": {}
        },
        "banner": "images/pages/11.png",
        "name": "Academic Details",
        "title": "Academic Details",
        "data": "<span class='appcolor uppercase'> {{R010:{{SurName}} {{FirstName}} :R010}}</span><br />Now, Let's do Academics",
        "action": {"RegNo_Appl":"{{RegNo_Appl}}"},
        "id": "passpup",
        "cache":"both",
        "content": [
            {
                "control": "Column",
                "size": "m6",
                "content": [
                    
                            {
                                "control":"Hidden",
                                "data":"{{NextPageNum}}",
                                "id":"RegLevel_Acad"
                            },
                            {
                                "control":"Hidden",
                                "data":"{{R026:{{SesID}}:R026}}",
                                "id":"StartSes_Acad"
                            },
                    {
                        "control": "GroupBox",
                        "content": [
                            {
                                "control": "BoxButton",
                                "data": "Field with <span class='fas fa-star'></span> are compulsary",
                                "title": "Academic Details",
                                "logo": "fas fa-university",
                                "style": "margin:auto; max-width:400px; display:block;width:100%",
                                "class": "appbggradient sticky w3-medium",
                                "action": ""
                            },
                            {
                                "control": "ComboBox",
                                "title": "School",
                                "data": {
                                    "requestId": "R014",
                                    "value": "FacID",
                                    "text": "FacName"
                                },
                                "id": "FacID_Appl",
                                "logo": "mbri-extension",
                                "class": "",
                                "attr": "required",
                                "action": "var selElmnt= _('FacID_Appl');LoadSelect(_('ProgID_Appl'),'R015',{FacID:selElmnt.options[selElmnt.selectedIndex].value},{Value:'ProgID',Text:'ProgName'})",
                                "drop":"center"
                            },
                           
                            {
                                "control": "ComboBox",
                                "title": "Department",
                                "data": "",
                                "id": "ProgID_Appl",
                                "logo": "mbri-add-submenu",
                                "class": "",
                                "attr": "required",
                                "action": "var selElmnt= _('ProgID_Appl');LoadSelect(_('ClassID_Appl'),'R059',{ProgID:selElmnt.options[selElmnt.selectedIndex].value},{Value:'ID',Text:'Name'})",
                                "drop":"up"
                            },
                            {
                                "wrapper":"PC_Class",
                                "control": "ComboBox",
                                "title": "Class",
                                "data": "",
                                "id": "ClassID_Appl",
                                "logo": "mbri-add-submenu",
                                "class": "",
                                "attr": "",
                                "action": "",
                                "drop":"up"
                            },
                            {
                                "control": "ComboBox",
                                "title": "Entrance Level",
                                "data": {
                                    "requestId": "R058",
                                    "value": "LevelID",
                                    "text": "LevelName"
                                },
                                "id": "LevelID_Appl",
                                "logo": "mbri-extension",
                                "class": "",
                                "attr": "required",
                                "action": "",
                                "drop":"up"
                            },
                            {
                                "wrapper":"PC_Degree",
                                "control": "ComboBox",
                                "title": "Degree",
                                "data": {
                                    "requestId": "R020",
                                    "value": "DegID",
                                    "text": "DegName"
                                },
                                "id": "Degree_Appl",
                                "logo": "mbri-add-submenu",
                                "class": "",
                                "attr": "",
                                "action": ""
                            },
                            {
                                "wrapper":"PC_AreaSpec",
                                "control": "TextBox",
                                "title": "Area of Specialization",
                                "data": "",
                                "id": "AreaofSpecial_Appl",
                                "logo": "mbri-idea",
                                "class": "",
                                "attr": "",
                                "action": ""
                            },
                            {
                                "wrapper":"PC_SchoolMode",
                                "control": "CheckBoxes",
                                "type": "H",
                                "data": 2,
                                "content": [
                                    {
                                        "control": "CheckBox",
                                        "id": "StudyModeFullTime_Appl",
                                        "logo": "mbri-clock",
                                        "data": "Full Time",
                                        "attr": "checked",
                                        "class": "modfull",
                                        "name": "modf"
                                    },
                                    {
                                        "control": "CheckBox",
                                        "id": "StudyModePartTime_Appl",
                                        "logo": "mbri-timer",
                                        "data": "Part Time",
                                        "class": "modpart",
                                        "name": "modf"
                                    }
                                ]
                            },
                            {
                                "wrapper":"PC_ResearchTopic",
                                "control": "TextBox",
                                "title": "Research Topic (for Phd applicants only)",
                                "data": "",
                                "id": "ResearchTopic_Appl",
                                "logo": "mbri-globe-2",
                                "class": "",
                                "attr": "",
                                "action": ""
                            }
                        ]
                    }
                ]
            },
            {
                "control": "Column",
                "size": "m6",
                "content": [
                    {
                        "control": "GroupBox",
                        "content": [
                            {
                                "control": "BoxButton",
                                "data": "Use the <span class='fas fa-plus'></span> to Add School",
                                "title": "School Attended",
                                "logo": "fas fa-university",
                                "style": "margin:auto; max-width:400px; display:block;width:100%",
                                "class": "appbggradient sticky w3-medium",
                                "action": ""
                            },
                            {
                                "control": "DynamicBox",
                                "content": [
                                    {
                                        "control": "TextBox",
                                        "title": "School Name",
                                        "data": "",
                                        "id": "SchoolAttt",
                                        "logo": "mbri-home",
                                        "class": "",
                                        "attr": ""
                                    },
                                    {
                                        "control": "TextBox",
                                        "title": "Date (D/M/YYYY)",
                                        "data": "",
                                        "class": "adder",
                                        "id": "SchooAttDate",
                                        "logo": "fas fa-calendar",
                                        "iclass": " Calendar aim-calender-ctr",
                                        "attr": "data-selected-class='appbgcolor'  data-today-class='appcolor' data-body-style='margin-top:-390px;margin-left:-10px'"
                                    },
                                    {
                                        "control": "TextBox",
                                        "title": "Award Received",
                                        "data": "",
                                        "id": "SchoolAtttAward",
                                        "logo": "mbri-home",
                                        "class": "",
                                        "attr": ""
                                    },
                                    {
                                        "control": "Comment",
                                        "title": "Average Score",
                                        "data": "",
                                        "id": "AverageSc",
                                        "logo": "mbri-edit",
                                        "class": "",
                                        "attr": ""
                                    }
                                ]
                            }
                        ]
                    },
                    {
                        "control": "AppButton",
                        "title": "Verify and Continue",
                        "data": "",
                        "id": "payvbtn2",
                        "logo": "mbri-right",
                        "class": ""
                    }
                ]
            }
        ]
    }
]