[
    {
        "control": "Page",
        "request":{
            "pre":"R010",
            "post":"R013",
            "data":{}
        },
        "name":"Guardian/Next of Kin",
        "banner":"images/pages/12.png",
        "title":"Guardian/Next of Kin",
        "data":"<span class='appcolor uppercase'> {{R010:{{SurName}} {{FirstName}} :R010}}</span><br />Let's Know your Guardian/Next of Kin",
        "action": {"RegNo_Appl":"{{RegNo_Appl}}"},
        "id": "nokpage",
        "cache":"both",
        "content":[
            {
                "control": "Column",
                "size":"s12",
                "content":[
                    {
                        "control": "GroupBox",
                        "content":[
                            {
                                "control":"BoxButton",
                                "data":"Field with <span class='fas fa-star'></span> are compulsary",
                                "title":"Guardian or Next of Kin",
                                "logo":"fas fa-users",
                                "style":"margin:auto; max-width:400px; display:block;width:100%",
                                "class":"appbggradient sticky w3-medium",
                                "action":""
                            },{
                                "control":"Hidden",
                                "data":"{{NextPageNum}}",
                                "id":"RegLevel_NOK"
                            },
                            {
                                "control": "ComboBox",
                                "title": "Relationship",
                                "data": [{"value":"Parent","text":"Parent"},{"value":"Sibling","text":"Sibling"},{"value":"Others","text":"Others"}],
                                "id": "Relationship_Appl",
                                "logo": "fas fa-users",
                                "class": "",
                                "attr":"required",
                                "drop":"center"
                            },
                          
                                            {
                                                "control": "TextBox",
                                                "title": "Full Name",
                                                "data": "",
                                                "id": "NName_Appl",
                                                "logo": "mbri-users",
                                                "class": "",
                                                "attr":"required"
                                            }
                                            
                                            ,
                                            {
                                                "control": "TextBox",
                                                "title": "Email Address",
                                                "data": "",
                                                "id": "NEmail_Appl",
                                                "logo": "fas fa-envelope",
                                                "iclass": "is-email",
                                                "attr":""
                                            }
                                            
                                            ,
                                            {
                                                "control": "TextBox",
                                                "title": "Phone Number",
                                                "data": "",
                                                "id": "Nphone_Appl",
                                                "logo": "mbri-mobile",
                                                "iclass": "is-phone",
                                                "attr":""
                                            }
                                            ,
                                            {
                                                "control": "TextPad",
                                                "title": "Address",
                                                "data": "",
                                                "id": "NAddrs_Appl",
                                                "logo": "fas fa-map",
                                                "class": "",
                                                "attr":""
                                            },
                                            
                                            {
                                                "control": "AppButton",
                                                "title": "Verify and Continue",
                                                "data": "",
                                                "id": "nextofkbtn",
                                                "logo": "mbri-right",
                                                "class":""
                                            }
                            
                            
                        ]
                    }
                    
                ]
            }
            
        ]
    }
    
]