[
    {
        "control": "Page",
        "request":{
            "pre":"R010",
            "post":"R047",
            "data":{}
        },
        "name":"Refrees",
        "banner":"images/pages/13.png",
        "title":"Refrees",
        "data":"<span class='appcolor uppercase'> {{R010:{{SurName}} {{FirstName}} :R010}}</span><br />Pleae Supply your Referees Details",
        "action": {"RegNo_Appl":"{{RegNo_Appl}}","Dir":"{{Dir}}"},
        "id": "hhshdsj",
        "cache":"both",
        "content":[
            {
                "control": "Column",
                "size":"s12",
                "content":[
                    {
                        "control":"Hidden",
                        "data":"{{NextPageNum}}",
                        "id":"RegLevel_Referee"
                    },
                    {
                        "control":"Hidden",
                        "data":"{{R010:{{SurName}}:R010}}",
                        "id":"SurName_Referee"
                    },
                    {
                        "control":"Hidden",
                        "data":"{{R010:{{FirstName}}:R010}}",
                        "id":"FirstName_Referee"
                    },
                    {
                        "control":"Hidden",
                        "data":"{{R010:{{OtherNames}}:R010}}",
                        "id":"OtherNames_Referee"
                    },
                    {
                        "control":"Hidden",
                        "data":"1",
                        "id":"SendMail_Referee"
                    },
                    {
                        "control":"Hidden",
                        "data":"noreply",
                        "id":"FromName_Referee"
                    },
                    {
                        "control":"Hidden",
                        "data":"Online Referee Form",
                        "id":"Subject_Referee"
                    },
                    {
                        "control":"Hidden",
                        "data":"../../portals/tempPages/mailhtml.html",
                        "id":"Mail_Referee"
                    },
                    {
                        "control": "GroupBox",
                        "content":[
                            {
                                "control":"BoxButton",
                                "data":"Field with <span class='fas fa-star'></span> are compulsary",
                                "title":"Referees Details",
                                "logo":"fas fa-users",
                                "style":"margin:auto; max-width:400px; display:block;width:100%",
                                "class":"appbggradient sticky w3-medium",
                                "action":""
                            },
                            {
                                "control": "DynamicBox",
                                "style":"margin-left:auto;margin-right:auto; max-width:400px; display:block;width:100%",
                                "content": [
                                    {
                                        "control": "TextBox",
                                        "title": "Full Name",
                                        "data": "",
                                        "id": "RefereeName_Appl",
                                        "logo": "mbri-users",
                                        "class": "",
                                        "attr":"required"
                                    },
                                    {
                                        "control": "TextBox",
                                        "title": "Email Address",
                                        "data": "",
                                        "id": "RefereeEmail_Appl",
                                        "logo": "fas fa-envelope",
                                        "iclass": "is-email",
                                        "attr":"required"
                                    },{
                                        "control": "TextBox",
                                        "title": "Phone Number",
                                        "data": "",
                                        "id": "RefereePhone_Appl",
                                        "logo": "mbri-mobile",
                                        "iclass": "is-phone",
                                        "attr":""
                                    }
                                ]
                            }
                           ,
                           {
                               "control":"Hidden",
                               "id":"_EPAPI_MAPPING_",
                               "data":"RefereeEmail=>ToAddress;"
                           },
                                            
                                            {
                                                "control": "AppButton",
                                                "title": "Verify and Continue",
                                                "data": "",
                                                "id": "referrebtn",
                                                "logo": "mbri-right",
                                                "class":""
                                            }
                            
                            
                        ]
                    }
                    
                ]
            }
            
        ]
    }
    
]