[
  {
    "control": "Page",
    "request": {
      "pre": "R002,R041",
      "post": "R042",
      "data": {
        "allowPIN": "true"
      }
    },
    "name": "Results",
    "banner": "images/pages/7.png",
    "title": "{{R002:{{SurName}} {{FirstName}} {{OtherNames}} ({{RegNo}}) :R002}}",
    "data": "",
    "action": "",
    "id": "rsthist",
    "logo": "graduation-cap",
    "cache": "forward",
    "content": [
      {
        "control": "Column",
        "size": "m12",
        "content": [
          {
            "control": "GroupBox",
            "content": [
              {
                "control": "Paragraph",
                "data": "Select a Result to view details",
                "class": "w3-center w3-large fadeIn animated",
                "style": "animation-delay:500ms"
              },
              {
                "control": "ListBox",
                "class": "fadeIn animated",
                "id": "studRstslb",
                "filter": true,
                "content": [
                  {
                    "wrapper": "R041",
                    "control": "Abstract",
                    "content": {
                      "condition": "{{AllowPin}}",
                      "true": [
                        {
                          "control": "BoxButton",
                          "data": "{{SessionName}} &nbsp;|&nbsp; {{TRC}} COURSE(s)",
                          "title": "{{LevelName}} | {{SemesterName}}",
                          "class": "studrst fadeInUp animated",
                          "style": "text-transform:uppercase;animation-delay:{{$}}00ms",
                          "logo": "mbri-edit",
                          "id": "studrst_{{ResultID}}",
                          "action": "=^mainpop_{{ResultID}}"
                        }
                      ],
                      "false": [
                        {
                          "control": "BoxButton",
                          "data": "{{SessionName}} &nbsp;|&nbsp; {{TRC}} COURSE(s)",
                          "title": "{{LevelName}} | {{SemesterName}}",
                          "class": "studrst fadeInUp animated",
                          "style": "text-transform:uppercase;animation-delay:{{$}}00ms",
                          "logo": "mbri-edit",
                          "id": "studrst_{{ResultID}}",
                          "action": {
                            "SumitRID": "{{SubmitRID}}",
                            "NextPageNum": 2,
                            "PageID": "rsthist",
                            "ResultID": "{{ResultID}}",
                            "LevelName": "{{LevelName}}",
                            "SemesterName": "{{SemesterName}}",
                            "SessionName": "{{SessionName}}",
                            "ResultDate": "{{ResultDate}}"
                          }
                        }
                      ]
                    }
                  }
                ]
              }
            ]
          },
          {
            "control": "Abstract",
            "wrapper": ["{{R041:", ":R041}}"],
            "content": {
              "condition": "{{AllowPin}}",
              "true": [
                {
                  "control": "Popup",
                  "id": "mainpop_{{ResultID}}",
                  "content": [
                    {
                      "control": "GroupBox",
                      "content": [
                        {
                          "control": "BoxButton",
                          "data": "Supply your result verification PIN",
                          "title": "Result Verification PIN",
                          "class": "fadeInUp animated",
                          "style": "text-transform:uppercase;animation-delay:100ms",
                          "logo": "mbri-credit-card",
                          "id": "studrst_hh"
                        },
                        {
                          "control": "TextBox",
                          "id": "PIN{{ResultID}}",
                          "title": "●●●●-●●●●-●●●●",
                          "type": "text",
                          "split": { "by": "-", "unit": "4", "length": 12 },
                          "attr": "autofocus onkeydown=\"return (event.ctrlKey || event.altKey || (47<event.keyCode && event.keyCode<58 && event.shiftKey==false) || (95<event.keyCode && event.keyCode<106) || (event.keyCode==8) || (event.keyCode==9) || (event.keyCode>34 && event.keyCode<40) || (event.keyCode==46) || (event.keyCode==190))\"",
                          "style": "font-size:1.4em;font-weight:bolder;letter-spacing:6px;animation-delay:200ms",
                          "logo": "fas fa-lock",
                          "class": "fadeInUp animated"
                        },
                        {
                          "control": "BoxButton",
                          "data": "Click to proceed",
                          "title": "Verify PIN",
                          "class": "fadeInUp animated",
                          "style": "text-transform:uppercase;animation-delay:300ms",
                          "logo": "mbri-edit",
                          "id": "studrst_hh",
                          "action": {
                            "SumitRID": "{{SubmitRID}}",
                            "NextPageNum": 2,
                            "PageID": "rsthist",
                            "ResultID": "{{ResultID}}",
                            "LevelName": "{{LevelName}}",
                            "SemesterName": "{{SemesterName}}",
                            "SessionName": "{{SessionName}}",
                            "ResultDate": "{{ResultDate}}",
                            "Pin": {
                              "datatype": "control",
                              "value": {
                                "id": "PIN{{ResultID}}",
                                "attr": "value.split('-').join('')"
                              }
                            },
                            "Run": "MessageBox.ClosePopup()"
                          }
                        }
                      ]
                    }
                  ]
                }
              ],
              "false": []
            }
          }
        ]
      }
    ]
  }
]
