[
    {
        "control": "Page",
        "request": {
            "pre": "R002",
            "post": "",
            "data": {}
        },
        "name": "Result Details",
        "title": "{{R002:{{SurName}} {{FirstName}} {{OtherNames}} ({{RegNo}}) :R002}}",
        "data": "",
        "action": "",
        "id": "rsthist",
        "logo": "graduation-cap",
        "content": [
            {
                "control": "Column",
                "size": "m12",
                "content": [
                    {
                        "control": "GroupBox",
                        "content": [
                            {
                                "control": "BoxButton",
                                "id": "coursedet",
                                "data": "{{SessionName}}, {{LevelName}}, {{SemesterName}}",
                                "class": " appbgcolor w3-medium sticky appbggradient fadeInUp animated",
                                "style": "margin:auto; max-width:400px; display:block;width:100%; padding:15px 0px;animation-delay:70ms",
                                "logo": "mbri-sale",
                                "title": "{{Overal:<span style='padding:3px 8px;margin:3px;background-color:rgba(0,0,0,0.5);border-radius:3px;display:inline-block'>{{Title}}: {{Value}}</span>:Overal}}"
                            },
                            {
                                "control":"BoxButton",
                                "wrapper":"PinDetails",
                                "data":"Pin Usage",
                                "title":"<b>{{PinUsage}}</b> / <small>{{MaxUsage}}</small>",
                                "logo":"mbri-credit-card",
                                "id":"pinusage",
                                "style":"font-size:1.3em;margin:auto; max-width:400px; display:block;width:100%; padding:15px 0px;animation-delay:70ms"
                            },
                            {
                                "control": "ListBox",
                                "id": "studRstslb",
                                "class": "fadeIn animated",
                                "filter":true,
                                "content": [
                                    {
                                        "wrapper": [
                                            "{{ResultDetails:",
                                            ":ResultDetails}}"
                                        ],
                                        "control": "BoxButton",
                                        "data": "{{CourseTitle}}",
                                        "title": "{{CourseCode}} ({{Status}})",
                                        "class": "studrstd fadeInUp animated",
                                        "style": "text-transform:uppercase;animation-delay:{{$}}00ms",
                                        "logo": "mbri-edit",
                                        "id": "studrstd_{{CourseID}}",
                                        "action": "Control.Popup.Show('popup_{{CourseID}}')",
                                        "marker": "{{Total}}{{Grade}}"
                                    }
                                ]
                            },
                            {
                                "control": "Popup",
                                "wrapper": [
                                    "{{ResultDetails:",
                                    ":ResultDetails}}"
                                ],
                                "id": "popup_{{CourseID}}",
                                "title": "",
                                "content": [
                                    {
                                        "control": "GroupBox",
                                        "content": [
                                            {
                                                "control": "BoxButton",
                                                "logo": "mbri-sale",
                                                "id": "rstdetpop_{{CourseID}}",
                                                "title": "{{CourseCode}} ({{Status}})",
                                                "data": "{{CourseTitle}}",
                                                "style": "width:100%;text-transform:uppercase",
                                                "class": "appbggradient fadeInUp animated delay-0-2s"
                                            },
                                            {
                                                "control": "ListBox",
                                                "class": "fadeIn animated",
                                                "id": "rssse",
                                                "content": [
                                                    {
                                                        "control": "BoxButton",
                                                        "wrapper": [
                                                            "{{Details:",
                                                            ":Details}}"
                                                        ],
                                                        "logo": "mbri-edit",
                                                        "id": "ass_{{CourseID}}",
                                                        "action": "",
                                                        "title": "{{StrucName}}",
                                                        "data": "",
                                                        "style": "width:100%;text-transform:uppercase;animation-delay:{{$}}00ms",
                                                        "marker": "{{StrucScore}}{{StrucMax}}",
                                                        "class": "fadeInUp animated"
                                                    }
                                                ]
                                            }
                                        ]
                                    }
                                ]
                            }
                        ]
                    }
                ]
            },
            {
                "control": "AppButton",
                "title": "Print Result",
                "class": "",
                "logo": "mbri-print",
                "action": "_Printer.Load({{PrintData}})"
            }
        ]
    }
]