[
    {
        "control": "Page",
        
        "action": "=>{}",
        "id": "",
        "cache":"forward",
        "content":[
            {
                "control": "Column",
                "size":"s12",
                "content":[
                    {
                        "control": "Browser",
                        "style":"",
                        "class":"exbrowser",
                        "data":"{{ExtUrl}}"
                        
                    }
                ]
            }
            
        ]
    }
    
]