[
    {
        "control": "Page",
        "request": {
            "pre": "R067",
            "post": "",
            "data": {
                "Message": []
            }
        },
        "name": "{{ApplyName}}",
        "banner": "images/pages/24.png",
        "title": "{{ApplyDescr}}",
        "data": "",
        "action": "=>{}",
        "id": "not",
        "cache": "both",
        "content": [
            {
                "wrapper": [
                    "{{R067:",
                    ":R067}}"
                ],
                "control": "Column",
                "size": "s12",
                "class": "w3-center",
                "content": [
                    {
                        "control": "StartButton_",
                        "data": "Continue",
                        "class": "appbgcolor",
                        "style": "margin:auto; color:#FFF;margin-top:30px"
                    },
                    {
                        "control": "GroupBox",
                        "style": "",
                        "content": [
                            {
                                "control": "TextBox",
                                "title": "Search Notification",
                                "data": "",
                                "id": "NotifySearch",
                                "logo": "mbri-search",
                                "class": "fadeInUp animated delay-0-2s",
                                "attr": ""
                            }
                        ]
                    },
                    {
                        "control": "CardList",
                        "content": [
                            {
                                "control": "Card",
                                "wrapper": "Notifies",
                                "data": "{{MessageLine}}",
                                "class": "{{VV}}",
                                "style": "",
                                "action": "Control.Popup.Show('popup_{{ID}}')",
                                "title": "{{Title}}",
                                "time": "{{DD}}"
                            },
                            {
                                "control": "Popup",
                                "wrapper": "Notifies",
                                "id": "popup_{{ID}}",
                                "title": "",
                                "content": [
                                    {
                                        "control": "GroupBox",
                                        "content": [
                                            {
                                                "control": "BoxButton",
                                                "logo": "mbri-alert",
                                                "id": "tt_{{ID}}",
                                                "title": "{{Title}}",
                                                "data": "{{DD}}",
                                                "style": "width:100%;",
                                                "class": "fadeInUp- animated delay-0-2s"
                                            },
                                            {
                                                "control": "Box",
                                                "id": "msg_{{ID}}",
                                                "title": "{{Title}}",
                                                "data": "{{MessageHTML}}",
                                                "style": "width:100%;",
                                                "class": "fadeInUp- animated delay-0-3s"
                                            }
                                        ],
                                        "class": "w3-margin-top zoomInShort animated fast"
                                    }
                                ]
                            }
                        ]
                    }
                ]
            }
        ]
    }
]