[
    {
        "control": "Page",
        "request": {
            "pre": "R053",
            "post": "R021",
            "data": {
                "Message": []
            }
        },
        "name": "{{ApplyName}}",
        "banner": "images/pages/18.png",
        "title": "{{ApplyDescr}}",
        "data": "{{ApplyDescr}}",
        "action": "=>{}",
        "id": "veryacc",
        "cache": "forward",
        "content": [
            {
                "control": "Column",
                "size": "s12",
                "content": [
                    
                    {
                        "control": "GroupBox",
                        "style": "",
                        "content": [
                           
                            {
                                "control": "BoxButton_",
                                "data": "Provide your registered Email Address",
                                "title": "Email Address",
                                "logo": "fas fa-envelope",
                                "style": "margin:auto; max-width:400px; display:block;width:100%",
                                "class": "appbggradient sticky w3-medium",
                                "action": ""
                            },
                            {
                                "control": "Paragraph_",
                                "data": "Welcome, Enter your Phone Number or Email Address",
                                "class": "w3-center w3-large fadeIn animated delay-0-5s"
                            },
                            {
                                "control": "TextBox",
                                "title": "{{R053:{{VerDisStr}}:R053}}",
                                "data": "",
                                "id": "RegNo_Cand",
                                "logo": "mbri-letter",
                                "class": "fadeInUp animated delay-0-2s",
                                "attr": "autofocus required"
                            }
                        ]
                    },
                    {
                        "control": "AppButton",
                        "title": "Verify and Continue",
                        "data": "",
                        "id": "verstacc",
                        "logo": "mbri-right"
                    }
                ]
            }
        ]
    }
]