[
    {
        "control": "Page",
        "request":{
            "pre":"R010",
            "post":"R022",
            "data":{}
        },
        "name":"Congratulations !!! ",
        "banner":"images/pages/19.png",
        "title": "Congratulations !!! ",
        "data": "The school has offered you admission. Accept to Proceed",
        "action": {"RegNo_Cand":"{{RegNo_Cand}}","Dir":"{{Dir}}"},
        "id": "complreg",
        "content": [
            
            {
                "wrapper":["{{R010:",":R010}}"],
                "control":"Column",
                "size":"m6",
                "style":"margin:auto",
                "content":[
                    {
                        "control": "GroupBox",
                        "content":[
                            {
                                "control":"Passport",
                               "default":"{{__Domain__}}Files/{{Passport}}",
                               "type":"viewonly",
                               "class":"fadeInUp animated delay-0-2s"
                            }

                        ]
                    }
                ]
            },
            {
                "wrapper":["{{R010:",":R010}}"],
                "control":"Column",
                "size":"m6",
                "style":"margin:auto",
                "content":[
                    {
                        "control": "GroupBox",
                        "content":[
                            {
                                "control":"BoxButton",
                                "data":"{{FacultyName}} / {{ProgrammeName}}",
                                "title":"{{SurName}} {{FirstName}} {{OtherNames}}",
                                "logo":"fas fa-bookmark",
                                "style":"margin:auto; max-width:400px; display:block;width:100%;font-size:1.4em",
                                "class":"appbggradient fadeInUp animated delay-0-3s",
                                "action":""
                            },{
                                
                                "control": "ListBox",
                                "id": "declearation",
                                "content": [
                                    {
                                       
                                        "control":"BoxButton",
                                        "data":"Reprint your Confirmation Slip",
                                        "title":"Reprint",
                                        "logo":"fas fa-print",
                                        "style":"margin:auto; max-width:400px; display:block;width:100%",
                                        "class":"w3-medium fadeInUp animated delay-0-4s",
                                        "action":"_Printer.Load({{RedirectData}})"
                                    },
                                    {
                                        "control":"BoxButton",
                                        "data":"Kindly accept this admission by clicking the button below",
                                        "title":"",
                                        "logo":"fas fa-check-circle",
                                        "style":"margin:auto; max-width:400px; display:block;width:100%",
                                        "class":"fadeInUp animated delay-0-5s",
                                        "action":""
                                    },
                                    {
                                        "control": "Comment",
                                        "id": "decleartion",
                                        "title": "",
                                        "data": "I {{SurName}} {{FirstName}} {{OtherNames}}, attest that every information supply are correct and accurate.",
                                        "name": "decl",
                                        "marker": "",
                                        "logo": "mbri-edit",
                                        "action": "",
                                        "value": "",
                                        "class": ""
                                    }
                                ]
                            }
                        ]
                    }
                ]
            },
            {
                       
                           "control": "AppButton",
                           "title": "Accept Admission",
                           "data": "",
                           "id": "olsit",
                           "logo": "mbri-like"
                       
                   }
        ]
    }
]