[
    {
        "control": "Page",
        "request": {
            "pre": "R052",
            "post": "R052",
            "data": {}
        },
        "name": "Make Payment",
        "banner": "images/pages/2.png",
        "title": "Make Payment",
        "data": "<span class='appcolor uppercase'> {{R052:{{SurName}} {{FirstName}}:R052}} </span><br />Now , you need to make required Payment to Continue",
        "action": "Application.SaveLoadNextPage(this,'{{SubmitRID}}',{{ApplyID}},{{NowPageNum}},{RegNo_Cand:'{{RegNo_Cand}}'},'',{{ApplyGroupID}})",
        "id": "paypageacc",
        "fclass": "ReloadOnPaid",
        "content": [
            {
                "control": "Column",
                "size": "s12",
                "content": [
                    {
                        "control": "GroupBox",
                        "wrapper": [
                            "{{R052:",
                            ":R052}}"
                        ],
                        "content": [
                            {
                                "control": "BoxButton",
                                "title": "<strong><sup>₦</sup> <span class='w3-xlarge'>{{FAmount}}</span></strong>",
                                "data": "{{PayName}}",
                                "class": "w3-medium sticky zoomInShort animated delay-0-1s",
                                "style": "margin:auto; max-width:400px; display:block;width:100%",
                                "logo": "mbri-bookmark",
                                "action": ""
                            },
                            {
                                "control": "BoxButton_",
                                "data": "{{PayName}}",
                                "title": "NGR {{FAmount}}",
                                "logo": "fas fa-id-badge",
                                "style": "margin:auto; max-width:400px; display:block;width:100%;text-transform:uppercase",
                                "class": "appbggradient sticky w3-medium",
                                "action": ""
                            },
                            {
                                "control": "BoxButton",
                                "logo": "mbri-credit-card",
                                "id": "card_pay",
                                "action": "Application.FormRequest(_('paypageacc'),'R008',3,{SemesterID:3,LevelID:1,SemesterPartID:3,PayID:{{PayID}},RegNo:'{{RegNo_Cand}}',PayOptionCard:1,Amt:'{{Amount}}'});MessageBox.ClosePopup()",
                                "title": "CARD",
                                "data": "Make Payment Via Card",
                                "style": "margin:auto; max-width:400px; display:block;width:100%;margin-top:3px",
                                "class": "w3-medium"
                            },
                            {
                                "control": "BoxButton",
                                "logo": "fas fa-university",
                                "id": "bank_pay",
                                "action": "Application.FormRequest(_('paypageacc'),'R008',3,{SemesterID:3,LevelID:1,SemesterPartID:3,PayID:{{PayID}},RegNo:'{{RegNo_Cand}}',Amt:'{{Amount}}'});MessageBox.ClosePopup()",
                                "title": "BANK",
                                "data": "Make Payment Via Cash",
                                "style": "margin:auto; max-width:400px; display:block;width:100%;margin-top:3px",
                                "class": "w3-medium"
                            },
                            {
                                "control": "Hidden",
                                "id": "NotPaid",
                                "data": "1"
                            },
                            {
                                "control": "Paragraph",
                                "data": "Already paid?, Click the NEXT Button",
                                "class": "w3-center"
                            },
                            {
                                "control": "AppButton",
                                "title": "Verify and Continue",
                                "data": "",
                                "id": "payvbtnapp",
                                "logo": "mbri-right",
                                "class": ""
                            }
                        ]
                    }
                ]
            }
        ]
    }
]