[
    {
        "control": "Page",
        "request":{
            "pre":"R010,R023",
            "post":"",
            "data":{}
        },
        "name":"Account Created",
        "banner":"images/pages/19.png",
        "title": "Account Created ",
        "data": "Account Created Successfully",
        "action": "=>{}",
        "id": "finishcreate",
        "content": [
            
            {
                "wrapper":["{{R010:",":R010}}"],
                "control":"Column",
                "size":"m6",
                "style":"margin:auto",
                "content":[
                    {
                        "control": "GroupBox",
                        "content":[
                            {
                                "control":"Passport",
                               "default":"{{__Domain__}}Files/{{Passport}}",
                               "type":"viewonly",
                               "class":"fadeInUp animated delay-0-2s"
                            }

                        ]
                    }
                ]
            },
            {
                
                "control":"Column",
                "size":"m6",
                "style":"margin:auto",
                "content":[
                    {
                        "control": "GroupBox",
                        "content":[
                            {
                                "wrapper":"R010",
                                "control":"BoxButton",
                                "data":"{{FacultyName}} / {{ProgrammeName}}",
                                "title":"{{SurName}} {{FirstName}} {{OtherNames}}",
                                "logo":"fas fa-bookmark",
                                "style":"margin:auto; max-width:400px; display:block;width:100%;font-size:1.4em",
                                "class":"appbggradient fadeInUp animated delay-0-3s",
                                "action":""
                            },{
                                
                                "control": "ListBox",
                                "id": "declearation",
                                "content": [
                                    {
                                       
                                        "control":"BoxButton",
                                        "data":"Reprint your Confirmation Slip",
                                        "title":"Reprint",
                                        "logo":"fas fa-print",
                                        "style":"margin:auto; max-width:400px; display:block;width:100%",
                                        "class":"w3-medium fadeInUp animated delay-0-4s",
                                        "action":"_Printer.Load({{R023:{{NRedirectData}}:R023}})"
                                    },
                                    {
                                       
                                        "control":"BoxButton",
                                        "data":"Print Admission/Acceptance Letter",
                                        "title":"Admission/Acceptance Letter",
                                        "logo":"fas fa-print",
                                        "style":"margin:auto; max-width:400px; display:block;width:100%",
                                        "class":"w3-medium fadeInUp animated delay-0-5s",
                                        "action":"_Printer.Load({{R023:{{ARedirectData}}:R023}})"
                                    },
                                    {
                                        "control":"BoxButton",
                                        "data":"Note: A copy of your Login Credentials will be sent to you",
                                        "title":"",
                                        "logo":"fas fa-envelope",
                                        "style":"margin:auto; max-width:400px; display:block;width:100%",
                                        "class":"fadeInUp animated delay-0-6s",
                                        "action":""
                                    }
                                ]
                            }
                        ]
                    }
                ]
            },
            {
                       
                           "control": "AppButtono",
                           "title": "Accept Admission",
                           "data": "",
                           "id": "olsit",
                           "logo": "mbri-like"
                       
                   }
        ]
    }
]