[
    {
        "control": "Page",
        "request":{
            "pre":"R002,R038",
            "post":"R000",
            "data":{}
        },
        "name":"Payment History",
        "banner":"images/pages/6.png",
        "title": "{{R002:{{SurName}} {{FirstName}} {{OtherNames}} ({{RegNo}}) :R002}}",
        "data": "",
        "action": "",
        "id": "phist",
        "indicator":"1/2",
        "cache":"forward",
        "content": [
            {
                "control": "Column",
                "size": "m12",
                "content": [
                    {
                        "control": "GroupBox",
                        "content": [
                           
                            {
                                
                                "control":"Paragraph",
                                "id":"ddddss",
                                "data":"Select to load Payment Details",
                                "class":"w3-center w3-large zoomInShort animated",
                                "style":"margin:auto; display:block;width:100%;margin-bottom:15px;animation-delay:500ms"
                            },
                                    {
                                        "control":"ListBox",
                                        "class":"zoomInShort animated",
                                        "id":"payhistlb",
                                        "filter":true,
                                        "content":[
                                            {
                                               "wrapper":["{{R038:",":R038}}"],
                                                "control": "BoxButton",
                                                "data": "<div>{{ItemName}} ({{SemesterPartName}})</div> <div> {{PaySchDet}} </div><div>{{SessionName}} | {{LevelName}} | {{SemesterName}}</div>",
                                                "title": "{{PayDate}}",
                                                "class": "phisyt fadeInUp animated",
                                                "style": "animation-delay:{{$}}00ms",
                                                "logo": "mbri-clock",
                                                "id":"payhsit_{{PayRef}}",
"actions":"_Printer.Load({Src:'{{Redirect}}'})",
"action":"Application.SaveLoadNextPage(_('phist'),'R009',{{ApplyID}},2,{Dir:'{{Dir}}',PayRef:'{{PayRef}}',PayID:{{PayID}},VerifyScope:'Student'},'',{{ApplyGroupID}});",
"marker":"NGR {{Amt}}"
                                            }
                                        ]
                                    }
                                   
                              
                        ]
                    }
                ]
            },
            {
                "control": "AppButton",
                "title": "Register Courses",
                "class": "w3-hide",
                "logo": "mbri-bookmark",
                "action": "Application.LoadPage(this,18,4,null,4)"
            }
        ]
    }
]