[
    {
        "control": "Page",
        "request": {
            "pre": "R002",
            "post": "",
            "data": {}
        },
        "name": "Payment Details",
        "banner": "images/pages/{{ImageErr}}",
        "title": "{{R002:{{SurName}} {{FirstName}} {{OtherNames}} ({{RegNo}}) :R002}}",
        "data": "",
        "action": "",
        "id": "payreqdv",
        "logoo": "",
        "class": "",
        "indicator": "2/2",
        "content": [
            {
                "control": "Column",
                "size": "l12",
                "content": [
                    {
                        "control": "GroupBox",
                        "content": [
                            {
                                "control": "Paragraph",
                                "id": "ddddsdfs",
                                "data": "{{Status}}",
                                "class": "w3-center w3-xlarge zoomInShort animated",
                                "style": "margin:auto; max-width:400px; display:block;width:100%;margin-bottom:15px;animation-delay:500ms",
                                "logo": "mbri-bookmark"
                            },
                            {
                                "control": "ListBox",
                                "class": "zoomInShort animated w3-medium",
                                "id": "hwpaylistyhybx",
                                "content": [
                                    {
                                        "control": "BoxButton",
                                        "id": "totpadydet",
                                        "title": "<strong><sup>₦</sup> <span class='w3-xlarge'>{{FAmt}}</span></strong>",
                                        "data": "{{ItemName}}",
                                        "class": "w3-medium sticky fadeInUp animated delay-0-1s",
                                        "style": "margin:auto; max-width:400px; display:block;width:100%",
                                        "logo": "mbri-bookmark",
                                        "action": ""
                                    },
                                    {
                                        "control": "BoxButton",
                                        "logo": "mbri-credit-card",
                                        "id": "payrefff",
                                        "title": "{{PayRef}}",
                                        "data": "Payment Referenece",
                                        "style": "width:100%",
                                        "class": "fadeInUp animated delay-0-2s"
                                    },
                                    {
                                        "control": "BoxButton",
                                        "logo": "fas fa-university",
                                        "id": "blvl_opt",
                                        "action": "",
                                        "title": "{{LevelName}}",
                                        "data": "Level",
                                        "style": "width:100%",
                                        "class": "fadeInUp animated delay-0-3s"
                                    },
                                    {
                                        "control": "BoxButton",
                                        "logo": "fas fa-graduation-cap",
                                        "id": "blvldff_opt",
                                        "action": "",
                                        "title": "{{SemesterName}}",
                                        "data": "Pay Policy",
                                        "style": "width:100%",
                                        "class": "fadeInUp animated delay-0-4s"
                                    },
                                    {
                                        "control": "BoxButton",
                                        "logo": "fas fa-credit-card",
                                        "id": "bchannel_opt",
                                        "action": "",
                                        "title": "{{Channel}}",
                                        "data": "Pay Channel",
                                        "style": "width:100%",
                                        "class": "fadeInUp animated delay-0-4s"
                                    }
                                ]
                            },
                            {
                                "control": "AppButton",
                                "title": "Print Reciept",
                                "data": "",
                                "id": "prr",
                                "logo": "mbri-print",
                                "action": "_Printer.Load({{PrintData}})"
                            }
                        ]
                    }
                ]
            }
        ]
    }
]