[
    {
        "control": "Page",
        "request":{
            "pre":"R002,R040",
            "post":"R008",
            "data":{}
        },
        "name":"Wallet Deposit",
        "banner":"images/pages/3.png",
        "title": "{{R002:{{SurName}} {{FirstName}} {{OtherNames}} ({{RegNo}}) :R002}}",
        "data": "",
        "action": "",
        "id": "waamts",
        "class":"ReloadOnPaid",
        "content": [
            {
                "control": "Column",
                "wrapper":["{{R040:",":R040}}"],
                "size": "m12",
                "style":"margin:auto",
                "content": [
                    {
                        "control":"Hidden",
                        "id":"NotPaid",
                        "data":"1"
                    }, 

                    {
                        "control":"GroupBox",
                        "content":[
                            {
                                "control":"BoxButton",
                                "id":"coursedet",
                                "data":"Wallet Balance",
                                "class":"w3-center sticky appbggradient w3-large fadeInUp animated delay-0-2s",
                                "style":"margin:auto; max-width:400px; display:block;width:100%; padding:15px 0px;margin-bottom:3px",
                                "logo":"mbri-sale",
                                "title":"NGR {{Balance}}"
                            }
                        ]
                    },
                    
                    {
                        "control":"GroupBox",
                        "content":[
                            {
                                
                                "control":"Paragraph",
                                "id":"ddddsdss",
                                "data":"Select amount to deposit",
                                "class":"w3-center w3-large fadeIn animated",
                                "style":"margin:auto; display:block;width:100%;margin-bottom:15px;animation-delay:500ms"
                            },
                             {
                                "control":"BoxButton",
                                "wrapper":["{{DynamicAmt:",":DynamicAmt}}"],
                                "action":"=^popup_Custom",
                                "title":"Custom Amount",
                                "data":"NGR",
                                "id":"depamt",
                                "style":"min-width:80px;text-align:center;width:48%;font-size:1.3em;padding:20px 0px!important;margin:3px 2px;animation-delay:{{$}}00ms",
                                "class":"no-logo fadeInUp animated"
                            },
                           
                            {
                                "control":"Popup",
                                "id":"popup_Custom",
                                "title":"",
                                "content":[
                                    {
                                        "control":"GroupBox",
                                        "content":[
                                           
                                            {
                                                "control": "TextBox",
                                                "title": "Enter Amount",
                                                "data": "",
                                                "id": "amt_custom",
                                                "logo": "mbri-cash",
                                                "iclass": "",
                                                "attr": "autofocus onkeydown=\"return (event.ctrlKey || event.altKey || (47<event.keyCode && event.keyCode<58 && event.shiftKey==false) || (95<event.keyCode && event.keyCode<106) || (event.keyCode==8) || (event.keyCode==9) || (event.keyCode>34 && event.keyCode<40) || (event.keyCode==46) || (event.keyCode==190))\"",
                                                "class": "fadeInUp animated",
                                                "type":"number",
                                                "min":"1",
                                                "step":"any",
                                                "style":"font-size:1.3em",
                                                "oninput":"_('famt_custom').textContent=new Intl.NumberFormat('en-US', { style: 'currency', currency: 'NGN' }).format(this.value);_('famt_custom_word').textContent=toWord(this.value)"
                                            },
                                            {
                                                "control":"BoxButton",
                                                "logo":"mbri-sale",
                                                "id":"payementtype_custom",
                                                "title":"<span id='famt_custom'>NGN 0.00</span>",
                                                "data":"<span style='text-transform:capitalize' id='famt_custom_word'></span>",
                                                "style":"width:100%",
                                                "class":"appbggradient fadeInUp animated delay-0-1s"
                                            },
                                            {
                                                "control":"ListBox",
                                                "class":"fadeIn animated",
                                                "id":"deplistbx",
                                                "content":[ 
                                                    {
                                                        "control": "TextBox",
                                                        "title": "Enter Payment Description",
                                                        "data": "",
                                                        "id": "dscr_custom",
                                                        "logo": "mbri-edit",
                                                        "iclass": "",
                                                        "class": "fadeInUp animated delay-0-2s"
                                                    },
                                                    {
                                                        "control":"BoxButton",
                                                        "logo":"mbri-credit-card",
                                                        "id":"card_custom",
                                                        "action":"Application.FormRequest(_('waamts'),'{{SubmitRID}}',1,{SemesterID:0,LevelID:0,SemesterPartID:0,PayDescr:document.querySelector('#eppopup #dscr_custom').value,PayID:{{PayID}},RegNo:'{{R002:{{RegNo}}:R002}}',PayOptionCard:1,Amt:parseFloat(document.querySelector('#eppopup #amt_custom').value)});MessageBox.ClosePopup()",
"title":"CARD",
                                                        "data":"Wallet Deposit Via Card",
                                                        "style":"width:100%",
                                                        "class":"fadeInUp animated delay-0-3s"
                                                    }  ,
                                                    
                                                    {
                                                        "control":"BoxButton",
                                                        "logo":"fas fa-university",
                                                        "id":"bank_{{Amount}}",
                                                        "action":"Application.FormRequest(_('waamts'),'{{SubmitRID}}',1,{SemesterID:0,LevelID:0,SemesterPartID:0,PayDescr:document.querySelector('#eppopup #dscr_custom').value,PayID:{{PayID}},RegNo:'{{R002:{{RegNo}}:R002}}',Amt:parseFloat(document.querySelector('#eppopup #amt_custom').value)});MessageBox.ClosePopup()",
"title":"BANK",
                                                        "data":"Wallet Deposit Via Cash",
                                                        "style":"width:100%",
                                                        "class":"fadeInUp animated delay-0-2s"
                                                    }
                                                   
                                                ]
                                            }
                                        ]
                                    }
                                    
                                    
                                    
                                ]
                            },
                            {
                                "control":"BoxButton",
                                "wrapper":["{{PreAmount:",":PreAmount}}"],
                                "action":"=^popup_{{Amount}}",
                                "title":"{{FAmount}}",
                                "data":"{{Descr}}",
                                "id":"dep{{Amount}}",
                                "style":"min-width:80px;text-align:center;width:48%;font-size:1.3em;padding:20px 0px!important;margin:3px 2px;animation-delay:{{$}}00ms",
                                "class":"no-logo fadeInUp animated"
                            },
                           
                            {
                                "control":"Popup",
                                "wrapper":["{{PreAmount:",":PreAmount}}"],
                                "id":"popup_{{Amount}}",
                                "title":"",
                                "content":[
                                    {
                                        "control":"GroupBox",
                                        "content":[
                                            {
                                                        "control":"BoxButton",
                                                        "logo":"mbri-sale",
                                                        "id":"payementtype_{{Amount}}",
                                                        "title":"{{Currency}} {{FAmount}}",
                                                        "data":"Wallet Deposit",
                                                        "style":"width:100%",
                                                        "class":"appbggradient"
                                                    },
                                            {
                                                "control":"ListBox",
                                                "class":"fadeIn animated",
                                                "id":"deplistbx",
                                                "content":[ 
                                                    {
                                                        "control": "TextBox",
                                                        "title": "Enter Payment Description",
                                                        "data": "",
                                                        "id": "dscr_{{Amount}}",
                                                        "logo": "mbri-edit",
                                                        "iclass": "",
                                                        "attr": "autofocus",
                                                        "class": "fadeInUp animated delay-0-2s"
                                                    },
                                                    {
                                                        "control":"BoxButton",
                                                        "logo":"mbri-credit-card",
                                                        "id":"card_{{Amount}}",
                                                        "action":"Application.FormRequest(_('waamts'),'{{SubmitRID}}',1,{SemesterID:0,LevelID:0,SemesterPartID:0,PayDescr:document.querySelector('#eppopup #dscr_{{Amount}}').value,PayID:{{PayID}},RegNo:'{{R002:{{RegNo}}:R002}}',PayOptionCard:1,Amt:'{{Amount}}'});MessageBox.ClosePopup()",
"title":"CARD",
                                                        "data":"Wallet Deposit Via Card",
                                                        "style":"width:100%",
                                                        "class":"fadeInUp animated delay-0-3s"
                                                    }  ,
                                                    
                                                    {
                                                        "control":"BoxButton",
                                                        "logo":"fas fa-university",
                                                        "id":"bank_{{Amount}}",
                                                        "action":"Application.FormRequest(_('waamts'),'{{SubmitRID}}',1,{SemesterID:0,LevelID:0,SemesterPartID:0,PayDescr:document.querySelector('#eppopup #dscr_{{Amount}}').value,PayID:{{PayID}},RegNo:'{{R002:{{RegNo}}:R002}}',Amt:'{{Amount}}'});MessageBox.ClosePopup()",
"title":"BANK",
                                                        "data":"Wallet Deposit Via Cash",
                                                        "style":"width:100%",
                                                        "class":"fadeInUp animated delay-0-2s"
                                                    }
                                                   
                                                ]
                                            }
                                        ]
                                    }
                                    
                                    
                                    
                                ]
                            }
                        ]
                    }
                                                             
                              
                     
                ]
            }
        ]
    }
]