[
    {
        "control": "Page",
        "request":{
            "pre":"R002,R037",
            "post":"R000",
            "data":{}
        },
        "name":"Registration History",
        "banner":"images/pages/5.png",
        "title": "{{R002:{{SurName}} {{FirstName}} {{OtherNames}} ({{RegNo}}) :R002}}",
        "data": "",
        "action": "",
        "id": "chist",
        "cache":"forward",
        "indicator":"1/3",
        "content": [
            {
                "control": "Column",
                "size": "m12",
                "content": [
                    {
                        "control": "GroupBox",
                        "content": [
                            {
                                "control": "Paragraph",
                                "data": "Select to view details",
                                "class": "w3-center w3-large fadeIn animated",
                                "style":"animation-delay:500ms"
                            },
                           
                                    {
                                        "control":"ListBox",
                                        "class":"zoomInShort fast animated",
                                        "id":"coursesRegslb",
                                        "filter":true,
                                        "content":[
                                            {
                                               "wrapper":["{{R037:",":R037}}"],
                                                "control": "BoxButton",
                                                "data": "{{TotalCourses}} COURSES &nbsp; {{TotalCH}} CREDIT UNIT",
                                                "title": "{{SessionName}} | {{LevelName}} | {{SemesterName}}",
                                                "class": "regcourses fadeInUp animated",
                                                "style": "animation-delay:{{$}}00ms",
                                                "logo": "mbri-clock",
                                                "id":"RegCourses_{{CourseRegID}}",
"action":"Application.SaveLoadNextPage(this,'{{SubmitRID}}',{{ApplyID}},2,{CourseRegID:{{CourseRegID}},LevelName:'{{LevelName}}',SemesterName:'{{SemesterName}}',SessionName:'{{SessionName}}',RegDate:'{{RegDate}}'},'',{{ApplyGroupID}})"
                                            }
                                        ]
                                    }
                                   
                              
                        ]
                    }
                ]
            },
            {
                "control": "AppButton",
                "title": "Register Courses",
                "class": "w3-hide",
                "logo": "mbri-bookmark",
                "action": "Application.LoadPage(this,18,4,null,4)"
            }
        ]
    }
]