[
    {
        "control": "Page",
        "request":{
            "pre":"R002,R036",
            "post":"",
            "data":{}
        },
        "name":"Registration",
        "title": "{{R002:{{SurName}} {{FirstName}} {{OtherNames}} ({{RegNo}}) :R002}}",
        "data": "",
        "action": "",
        "id": "payreq",
        "cache":"forward",
        "indicator":"2/3",
        "content": [
            {
                "control": "Column",
                "size": "m12",
                "content": [
                    {
                        "control": "GroupBox",
                        "content": [
                            {
                                "control": "Paragraph",
                                "data": "Click PRINT to download",
                                "class": "w3-center w3-large fadeIn animated",
                                "style":"animation-delay:500ms"
                            },
                            {
                                "control": "BoxButton",
                                "data": "{{SessionName}} | {{RegDate}}",
                                "title": "{{LevelName}} | {{SemesterName}}",
                                "class": "w3-medium appbggradient zoomInShort animated",
                                "style": "margin:auto; max-width:400px; display:block;width:100%;animation-delay:80ms",
                                "logo": "mbri-bookmark"
                            },
                                    {
                                        "control":"ListBox",
                                        "class":"fadeIn animated",
                                        "id":"coursesReglb",
                                        "filter":true,
                                        "wrapper":["{{R036:",":R036}}"],
                                        "content":[
                                            {
                                                "wrapper":["{{Courses:",":Courses}}"],
                                                "control": "BoxButton",
                                                "data": "{{Title}}",
                                                "title": "{{CourseCode}} ({{CH}})",
                                                "class": "regcourse zoomInShort animated",
                                                "style": "animation-delay:{{$}}00ms",
                                                "logo": "mbri-edit",
                                                "id":"vRegCoures_{{CourseID}}"
                                            },
                                            {
                                                
                                                "control": "BoxButton",
                                                "data": "{{TotalCourses}} COURSES &nbsp; {{TotalCH}} CREDIT UNIT",
                                                "title": "Total",
                                                "class": "totalstat zoomInShort animated",
                                                "style": "animation-delay:600ms",
                                                "logo": "mbri-growing-chart",
                                                "id":"vtotstat"
                                            }
                                        ]
                                    }
                                    
                                                         
                        ]
                    }
                ]
            },
            {
                "control": "AppButton",
                "wrapper":["{{R036:",":R036}}"],
                "title": "Print Slip",
                "class": "",
                "logo": "mbri-print",
                "action": "Control.Popup.Show('popup_cprnt','mbri-browse')"
            },
            {
                "control": "AppButton",
                "wrapper":["{{R036:{{AllowEdit:",":AllowEdit}}:R036}}"],
                "title": "Edit Registration",
                "class": "",
                "logo": "mbri-edit",
                "action": "Application.SaveLoadNextPage(this,'R068',{{ApplyID}},3,{CourseRegID:{{CourseRegID}}},'',{{ApplyGroupID}})",
                "style":"left:calc(100% - 150px)"
            },
            {
                "control":"Popup",
                "id":"popup_cprnt",
                "title":"",
                "content":[
                    {
                        "control":"GroupBox",
                        "wrapper":["{{R036:",":R036}}"],
                        "content":[
                            {
                                "control": "Paragraph",
                                "data": "Select a print type",
                                "class": "w3-center w3-large fadeIn animated",
                                "style":"animation-delay:200ms;margin:30px 2px 10px 2px"
                            },
                            {
                                "control":"BoxButton",
                                "action":"_Printer.Load({{PrintData}});MessageBox.ClosePopup()",
                                "title":"SLIP",
                                "data":"",
                                "id":"pcf",
                                "style":"min-width:80px;text-align:center;width:48%;font-size:1.3em;padding:20px 0px!important;margin: 2px",
                                "class":"zoomInShort animated delay-0-2s",
                                "logo":"fas fa-file"
                            },
                            {
                                "control":"BoxButton",
                                "action":"_Printer.Load({{PrintDataCard}});MessageBox.ClosePopup()",
                                "title":"CARD",
                                "data":"",
                                "id":"pcf",
                                "style":"min-width:80px;text-align:center;width:48%;font-size:1.3em;padding:20px 0px!important;margin: 2px",
                                "class":"zoomInShort animated delay-0-4s",
                                "logo":"fas fa-id-badge"
                            }
                        ]
                    }
                    
                    
                    
                ]
            }
        ]
    }
]