[
    {
        "control": "Page",
        "request":{
            "pre":"R002,R036",
            "post":"R035",
            "data":{}
        },
        "name":"Update Completed",
        "title": "{{R002:{{SurName}} {{FirstName}} {{OtherNames}} ({{RegNo}}) :R002}}",
        "data": "",
        "action": "",
        "id": "payreqc",
        "clear":"all",
        "content": [
            {
                "control": "Column",
                "size": "m12",
                "content": [
                    {
                        "control": "GroupBox",
                        "content": [
                            {
                                "control": "Paragraph",
                                "data": "Course Registration Updated Successfully",
                                "class": "w3-center  fadeIn animated w3-large",
                                "style":"animation-delay:500ms"
                            },
                            {
                                "control": "BoxButton",
                                "data": "{{LevelName}} | {{SemesterName}}",
                                "title": "{{SessionName}}",
                                "class": "w3-medium sticky appbggradient zoomInShort animated delay-0-1s",
                                "style": "margin:auto; max-width:400px; display:block;width:100%;z-index:100",
                                "logo": "mbri-bookmark"
                            },
                                    {
                                        "control":"ListBox",
                                        "class":"fadeIn animated",
                                        "id":"coursesReglb",
                                        "filter":true,
                                        "wrapper":["{{R036:",":R036}}"],
                                        "content":[
                                            {
                                                "wrapper":["{{Courses:",":Courses}}"],
                                                "control": "BoxButton",
                                                "data": "{{Title}}",
                                                "title": "{{CourseCode}} ({{CH}})",
                                                "class": "regcourse  zoomInShort animated",
                                                "style": "animation-delay:{{$}}00ms",
                                                "logo": "mbri-edit",
                                                "id":"RegCoures_{{CourseID}}"
                                            },
                                            {
                                                
                                                "control": "BoxButton",
                                                "data": "{{TotalCourses}} COURSES &nbsp; {{TotalCH}} CREDIT UNIT",
                                                "title": "Total",
                                                "class": "totalstat zoomInShort animated",
                                                "style": "animation-delay:600ms",
                                                "logo": "mbri-growing-chart",
                                                "id":"totstat"
                                            }
                                        ]
                                    }
                                    ,

                                    {
                                        "control":"Popup",
                                        "wrapper":["{{AutoReg:",":AutoReg}}"],
                                        "id":"popup_newreg_{{NewReg}}",
                                        "title":"School Registration Number",
                                        "class":"AutoPop",
                                        "content":[
                                            {
                                                "control":"Paragraph",
                                                "data":"School Registration Number Assigned Successfully, you can now login with your Registration Number and Access Code"
                                            },
                                            {
                                                "control":"GroupBox",
                                                "content":[
                                                    {
                                                        "control":"ListBox",
                                                        "id":"nregdetlistbx",
                                                        "content":[
                                                            {
                                                                "control":"BoxButton",
                                                                "logo":"mbri-user",
                                                                "id":"newregdet_{{NewReg}}",
                                                                "title":"{{NewReg}}",
                                                                "data":"School Registration Number",
                                                                "style":"width:100%"
                                                            },{
                                                                "control":"BoxButton",
                                                                "logo":"fas fa-print",
                                                                "id":"printconslip{{NewReg}}",
                                                                "action":"_Printer.Load({{NRedirectData}});MessageBox.ClosePopup()",
        "title":"Print Slip",
                                                                "data":"Re-Print your Confirmation Slip",
                                                                "style":"width:100%"
                                                            },
                                                            {
                                                                "control":"BoxButton",
                                                                "logo":"fas fa-times",
                                                                "id":"clspopup_{{NewReg}}",
                                                                "action":"MessageBox.ClosePopup()",
        "title":"Close",
                                                                "data":"Ok, Noted Thanks",
                                                                "style":"width:100%"
                                                            }
                                                        ]
                                                    }
                                                ]
                                            }
                                            
                                            
                                            
                                        ]
                                    }
                              
                        ]
                    }
                ]
            },
            {
                "control": "AppButton",
                "title": "Print Slip",
                "class": "",
                "logo": "mbri-print",
                "action": "_Printer.Load({{PrintData}})"
            }
        ]
    }
]