[
    {
        "control": "Page",
        "request":{
            "pre":"",
            "post":"R000",
            "data":{"Message":[]}
        },
        "name":"{{ApplyName}}",
        "banner":"images/pages/cpay.png",
        "title":"{{ApplyDescr}}",
        "data":"",
        "action": "Application.SaveLoadNextPage(this,'{{SubmitRID}}',{{ApplyID}},{{NextPageNum}},{Dir:'{{Dir}}'},'',{{ApplyGroupID}});",
        "id": "payconfirm",
        "cache":"forward",
        "indicator":"1/5",
        "content":[
            {
                "control": "Column",
                "size":"s12",
                "content":[
                    {
                        "control": "GroupBox",
                        "style":"",
                        "wrapper":[],
                        "content":[

                            {
                                
                                "control":"Paragraph",
                                "data":"Provide your Registration Number or Transaction Reference",
                                "class":"w3-center w3-large fadeIn animated delay-0-5s"
                            },
                                            {
                                                "control": "TextBox",
                                                "title": "Registration Number or Transaction Reference",
                                                "data": "",
                                                "id": "PayReg",
                                                "logo": "mbri-credit-card",
                                                "iclass": "",
                                                "attr":"autofocus required",
                                                "class":"fadeInUp animated delay-0-2s"
                                            },{
                                                "control": "Note_",
                                                "title": "",
                                                "data": "Check your Email or Contact the school ICT Department on how to recorver your Transaction ID",
                                                "id": "nt",
                                                "class":"fadeInUp animated delay-0-2s"
                                                
                                            },
                                            {
                                                "control": "Hidden",
                                                "id":"vertype",
                                                "data": "email",
                                                "class": "w3-center"
                                            }
                            
                            
                        ]
                    },
                                            
                                            {
                                                "control": "AppButton",
                                                "title": "Confirm Payment",
                                                "data": "",
                                                "id": "paycbtn2",
                                                "logo": "mbri-like"
                                            }
                    
                ]
            }
            
        ]
    }
    
]