[
    {
        "control": "Page",
        "request":{
            "pre":"R070",
            "post":"R000",
            "data":{}
        },
        "name":"Payment History",
        "banner":"images/pages/vpay.png",
        "title": "{{R070:{{Name}}:R070}}",
        "data": "{{R070:{{Name}}:R070}}",
        "action": "",
        "id": "pverify",
        "indicator":"2/5",
        "cache":"forward",
        "content": [
            {
                "wrapper":["{{R070:",":R070}}"],
                "control": "Column",
                "size": "m12",
                "content": [
                    {
                        "control": "GroupBox",
                        "content": [
                           
                            {
                                
                                "control":"Paragraph",
                                "id":"ddddss",
                                "data":"Select Transaction",
                                "class":"w3-center w3-large zoomInShort animated",
                                "style":"margin:auto; display:block;width:100%;margin-bottom:15px;animation-delay:500ms"
                            },
                                    {
                                        "control":"ListBox",
                                        "class":"zoomInShort animated", 
                                        "id":"payverlist",
                                        "filter":true,
                                        "content":[
                                            {
                                               "wrapper":"Orders",
                                                "control": "BoxButton",
                                                "data": "<div>{{ItemName}}</div><div><b>{{TransNum}}</b> | {{LevelName}} | {{SemesterName}}</div><div> <b>Expired Order: {{TotalExpired}}</b> </div>",
                                                "title": "{{PayDate}}",
                                                "class": "phisyt fadeInUp animated",
                                                "style": "animation-delay:{{$}}00ms",
                                                "logo": "mbri-clock",
                                                "id":"payverify_{{ID}}",
"actions":"_Printer.Load({Src:'{{Redirect}}'})",
"action":"Application.SaveLoadNextPage(_('pverify') ,'R071',{{ApplyID}},3,{Dir:'{{Dir}}',TransNum:'{{TransNum}}',OrderID:'{{ID}}',Channel:'Unknown'},'',{{ApplyGroupID}});",
"marker":"NGR {{FAmt}}"
                                            }
                                        ]
                                    }
                                   
                                    
                        ]
                    }
                ]
            },
            {
                "control": "AppButton",
                "title": "Continue",
                "class": "w3-hide",
                "logo": "mbri-bookmark"
            }
        ]
    }
]