[
    {
        "control": "Page",
        "request": {
            "pre": "",
            "post": "",
            "data": {}
        },
        "name": "Transaction Details",
        "banner": "images/pages/vpay.png",
        "title": "{{Name}}",
        "data": "{{Name}}",
        "action": "",
        "id": "payreqdvf",
        "logoo": "",
        "class": "",
        "cache":"forward",
        "indicator": "3/5",
        "content": [
            {
                "control": "Paragraph",
                "id": "ddddsdfs",
                "data": "Select Transaction",
                "class": "w3-center w3-xlarge zoomInShort animated",
                "style": "margin:auto; max-width:400px; display:block;width:100%;margin-bottom:15px;animation-delay:500ms",
                "logo": "mbri-bookmark"
            },
            {
                "control": "Column",
                "size": "l6",
                "content": [
                    {
                        "control": "GroupBox",
                        "content": [
                            {
                                "control": "Paragraph_",
                                "id": "ddddsdfs",
                                "data": "Transaction Details",
                                "class": "w3-center w3-xlarge zoomInShort animated",
                                "style": "margin:auto; max-width:400px; display:block;width:100%;margin-bottom:15px;animation-delay:500ms",
                                "logo": "mbri-bookmark"
                            },
                            {
                                "control": "ListBox",
                                "class": "zoomInShort animated w3-medium",
                                "id": "hwpaylistyhybx",
                                "content": [
                                    {
                                        "control": "BoxButton",
                                        "id": "totpadydet",
                                        "title": "<strong><sup>₦</sup> <span class='w3-xlarge'>{{FAmt}}</span></strong>",
                                        "data": "{{ItemName}}",
                                        "class": "w3-medium fadeInUp animated delay-0-1s",
                                        "style": "margin:auto; max-width:400px; display:block;width:100%",
                                        "logo": "mbri-bookmark",
                                        "action": ""
                                    },
                                    
                                    {
                                        "control": "BoxButton",
                                        "logo": "fas fa-university",
                                        "id": "blvl_opt",
                                        "action": "",
                                        "title": "{{LevelName}}",
                                        "data": "Level",
                                        "style": "width:100%",
                                        "class": "fadeInUp animated delay-0-3s"
                                    },
                                    {
                                        "control": "BoxButton",
                                        "logo": "fas fa-graduation-cap",
                                        "id": "blvldff_opt",
                                        "action": "",
                                        "title": "{{SemesterName}}",
                                        "data": "Pay Policy",
                                        "style": "width:100%",
                                        "class": "fadeInUp animated delay-0-4s"
                                    },
                                    {
                                        "control": "BoxButton",
                                        "logo": "fas fa-calendar",
                                        "id": "bchannel_opt",
                                        "action": "",
                                        "title": "{{PayDate}}",
                                        "data": "Date",
                                        "style": "width:100%",
                                        "class": "fadeInUp animated delay-0-4s"
                                    }
                                ]
                            },
                            
                            {
                                "control": "AppButton_",
                                "title": "Print Reciept",
                                "data": "",
                                "id": "prr",
                                "logo": "mbri-print",
                                "action": "_Printer.Load({{PrintData}})"
                            }
                        ]
                    }
                ]
            },
            {
                "control": "Column",
                "size": "l6",
                "content": [
                    {
                        "control": "GroupBox",
                        "content": [
                            {
                                "control": "Paragraph_",
                                "id": "ddddsdfs",
                                "data": "g",
                                "class": "w3-center w3-xlarge zoomInShort animated",
                                "style": "margin:auto; max-width:400px; display:block;width:100%;margin-bottom:15px;animation-delay:500ms",
                                "logo": "mbri-bookmark"
                            },
                            {
                                "control": "ListBox",
                                "class": "zoomInShort animated w3-medium",
                                "id": "hwpaylistyhybxf",
                                "content": [
                                    {
                                        "wrapper":"TransIDs",
                                        "control": "BoxButton",
                                        "logo": "mbri-sale",
                                        "id": "blvldff_optgg_{{Ref}}",
                                        "action": {"SubmitRID":"R072","NextPageNum":4,"PageID":"payreqdvf","PayRef":"{{Ref}}","OrderID":"{{ID}}"},
                                        "title": "{{Ref}}",
                                        "data": "Click to verify transaction",
                                        "style": "width:100%",
                                        "class": "fadeInUp animated delay-0-4s"
                                    }
                                ]}
                        ]
                    }
                ]
            }
        ]
    }
]